{
  "type": "FeatureCollection",
  "features": [
    {
      "id": "('relation', 4274837)",
      "type": "Feature",
      "properties": {
        "nome": "PEIXINHOS",
        "valor": 35
      },
      "geometry": {
        "type": "Polygon",
        "coordinates": [
          [
            [
              -34.8801413,
              -8.021612
            ],
            [
              -34.8800469,
              -8.0215916
            ],
            [
              -34.8798347,
              -8.0215175
            ],
            [
              -34.8796722,
              -8.0214206
            ],
            [
              -34.8795637,
              -8.0213343
            ],
            [
              -34.8795343,
              -8.021305
            ],
            [
              -34.8794297,
              -8.0211377
            ],
            [
              -34.8793707,
              -8.0210182
            ],
            [
              -34.879357,
              -8.0209674
            ],
            [
              -34.8793439,
              -8.0208827
            ],
            [
              -34.8793607,
              -8.0206834
            ],
            [
              -34.8793881,
              -8.0204919
            ],
            [
              -34.8794441,
              -8.0202168
            ],
            [
              -34.8794547,
              -8.0201748
            ],
            [
              -34.8794958,
              -8.0200195
            ],
            [
              -34.8795785,
              -8.0197164
            ],
            [
              -34.8796027,
              -8.0195969
            ],
            [
              -34.8796134,
              -8.0195438
            ],
            [
              -34.8796469,
              -8.0193091
            ],
            [
              -34.8794886,
              -8.0187529
            ],
            [
              -34.8792962,
              -8.017954
            ],
            [
              -34.8792726,
              -8.0177958
            ],
            [
              -34.8793288,
              -8.0175758
            ],
            [
              -34.8793647,
              -8.0170656
            ],
            [
              -34.879371,
              -8.0166532
            ],
            [
              -34.8793825,
              -8.0162441
            ],
            [
              -34.8793905,
              -8.01613
            ],
            [
              -34.8772073,
              -8.016663
            ],
            [
              -34.8729561,
              -8.0173415
            ],
            [
              -34.8729864,
              -8.0175826
            ],
            [
              -34.873171,
              -8.0188791
            ],
            [
              -34.8733145,
              -8.0196391
            ],
            [
              -34.8733917,
              -8.0200653
            ],
            [
              -34.8734474,
              -8.0202693
            ],
            [
              -34.874412,
              -8.0199795
            ],
            [
              -34.8745748,
              -8.0200635
            ],
            [
              -34.8748837,
              -8.020226
            ],
            [
              -34.8771599,
              -8.0214911
            ],
            [
              -34.8784711,
              -8.0222434
            ],
            [
              -34.8790945,
              -8.0226102
            ],
            [
              -34.879529,
              -8.0225162
            ],
            [
              -34.8797339,
              -8.0225281
            ],
            [
              -34.8797635,
              -8.0224558
            ],
            [
              -34.8801413,
              -8.021612
            ]
          ]
        ]
      }
    },
    {
      "id": "('relation', 4278246)",
      "type": "Feature",
      "properties": {
        "nome": "PASSARINHO",
        "valor": 79
      },
      "geometry": {
        "type": "Polygon",
        "coordinates": [
          [
            [
              -34.9334818,
              -7.9874509
            ],
            [
              -34.9321316,
              -7.9859053
            ],
            [
              -34.9317235,
              -7.9850721
            ],
            [
              -34.9316815,
              -7.9844304
            ],
            [
              -34.9317212,
              -7.9841577
            ],
            [
              -34.9318329,
              -7.9833909
            ],
            [
              -34.9319465,
              -7.982641
            ],
            [
              -34.9318771,
              -7.9820618
            ],
            [
              -34.9316226,
              -7.9814681
            ],
            [
              -34.931084,
              -7.9808827
            ],
            [
              -34.9297293,
              -7.9797536
            ],
            [
              -34.9284798,
              -7.9790328
            ],
            [
              -34.9277572,
              -7.9785252
            ],
            [
              -34.9276257,
              -7.9784329
            ],
            [
              -34.9274289,
              -7.9782326
            ],
            [
              -34.9267891,
              -7.9775812
            ],
            [
              -34.9265697,
              -7.9773579
            ],
            [
              -34.9264191,
              -7.9772389
            ],
            [
              -34.9259745,
              -7.9768878
            ],
            [
              -34.9258734,
              -7.9768079
            ],
            [
              -34.9257267,
              -7.9767475
            ],
            [
              -34.9248361,
              -7.976381
            ],
            [
              -34.9234403,
              -7.9758067
            ],
            [
              -34.9233323,
              -7.9757622
            ],
            [
              -34.9227147,
              -7.9753567
            ],
            [
              -34.922615,
              -7.9752913
            ],
            [
              -34.9223633,
              -7.9749625
            ],
            [
              -34.9221361,
              -7.9746657
            ],
            [
              -34.9220744,
              -7.9745851
            ],
            [
              -34.921942,
              -7.9741872
            ],
            [
              -34.9213337,
              -7.9723584
            ],
            [
              -34.9209573,
              -7.9712269
            ],
            [
              -34.920625,
              -7.9703269
            ],
            [
              -34.9202674,
              -7.969652
            ],
            [
              -34.9171604,
              -7.9653958
            ],
            [
              -34.9167992,
              -7.9649541
            ],
            [
              -34.9161401,
              -7.9641479
            ],
            [
              -34.9156304,
              -7.9635933
            ],
            [
              -34.915244,
              -7.9631729
            ],
            [
              -34.914401,
              -7.9623647
            ],
            [
              -34.9141207,
              -7.9620959
            ],
            [
              -34.913336,
              -7.9612813
            ],
            [
              -34.9128704,
              -7.9605206
            ],
            [
              -34.9127485,
              -7.9603213
            ],
            [
              -34.9127043,
              -7.9601883
            ],
            [
              -34.9125318,
              -7.9596695
            ],
            [
              -34.9123473,
              -7.9591146
            ],
            [
              -34.9122948,
              -7.9588456
            ],
            [
              -34.9121138,
              -7.9579188
            ],
            [
              -34.9119456,
              -7.9566563
            ],
            [
              -34.9117536,
              -7.9560667
            ],
            [
              -34.9116342,
              -7.9557
            ],
            [
              -34.911603,
              -7.9556222
            ],
            [
              -34.9112689,
              -7.9547889
            ],
            [
              -34.9111756,
              -7.9545563
            ],
            [
              -34.9109497,
              -7.9541996
            ],
            [
              -34.9107943,
              -7.9539542
            ],
            [
              -34.9139034,
              -7.9775212
            ],
            [
              -34.9140566,
              -7.9792753
            ],
            [
              -34.9140873,
              -7.9794347
            ],
            [
              -34.9140909,
              -7.9794531
            ],
            [
              -34.914178,
              -7.9799053
            ],
            [
              -34.9142456,
              -7.9802301
            ],
            [
              -34.9142635,
              -7.9803247
            ],
            [
              -34.9145791,
              -7.9819877
            ],
            [
              -34.9143654,
              -7.9825595
            ],
            [
              -34.9146785,
              -7.9827368
            ],
            [
              -34.9150431,
              -7.9829236
            ],
            [
              -34.9153568,
              -7.9831175
            ],
            [
              -34.9155831,
              -7.9833623
            ],
            [
              -34.9156755,
              -7.9836918
            ],
            [
              -34.9157227,
              -7.9839583
            ],
            [
              -34.9157785,
              -7.9842117
            ],
            [
              -34.915832,
              -7.9841379
            ],
            [
              -34.9160235,
              -7.9842072
            ],
            [
              -34.916079,
              -7.9842095
            ],
            [
              -34.916188,
              -7.9842136
            ],
            [
              -34.9162073,
              -7.9843971
            ],
            [
              -34.9162375,
              -7.9845481
            ],
            [
              -34.9162718,
              -7.9846569
            ],
            [
              -34.9163102,
              -7.9847637
            ],
            [
              -34.9163385,
              -7.9848375
            ],
            [
              -34.9163894,
              -7.9848839
            ],
            [
              -34.916486,
              -7.9849145
            ],
            [
              -34.9166416,
              -7.984957
            ],
            [
              -34.9167059,
              -7.9850141
            ],
            [
              -34.9167247,
              -7.9850871
            ],
            [
              -34.9166885,
              -7.9851921
            ],
            [
              -34.9165759,
              -7.9853209
            ],
            [
              -34.9165142,
              -7.9853767
            ],
            [
              -34.9164404,
              -7.9854338
            ],
            [
              -34.9163613,
              -7.9855068
            ],
            [
              -34.9162969,
              -7.9855931
            ],
            [
              -34.9162352,
              -7.9856835
            ],
            [
              -34.9161936,
              -7.985795
            ],
            [
              -34.9161614,
              -7.9859092
            ],
            [
              -34.9161601,
              -7.9860553
            ],
            [
              -34.916195,
              -7.9862692
            ],
            [
              -34.91625,
              -7.9864259
            ],
            [
              -34.9163318,
              -7.9865507
            ],
            [
              -34.9164109,
              -7.9866078
            ],
            [
              -34.9165222,
              -7.9866543
            ],
            [
              -34.9166362,
              -7.9866822
            ],
            [
              -34.9167261,
              -7.9867353
            ],
            [
              -34.9167569,
              -7.9868017
            ],
            [
              -34.9167582,
              -7.986896
            ],
            [
              -34.9167368,
              -7.9870235
            ],
            [
              -34.9167004,
              -7.9871546
            ],
            [
              -34.9166991,
              -7.9871963
            ],
            [
              -34.9166982,
              -7.9872262
            ],
            [
              -34.9167205,
              -7.9872191
            ],
            [
              -34.9168903,
              -7.9871895
            ],
            [
              -34.9170285,
              -7.9871689
            ],
            [
              -34.9173222,
              -7.9871676
            ],
            [
              -34.9177996,
              -7.9871915
            ],
            [
              -34.9182053,
              -7.9872274
            ],
            [
              -34.9182976,
              -7.9872336
            ],
            [
              -34.9183743,
              -7.9872387
            ],
            [
              -34.9184352,
              -7.9872465
            ],
            [
              -34.9184977,
              -7.9872546
            ],
            [
              -34.9186971,
              -7.9873164
            ],
            [
              -34.9188081,
              -7.9873662
            ],
            [
              -34.9189476,
              -7.9874372
            ],
            [
              -34.91913,
              -7.9875448
            ],
            [
              -34.9192493,
              -7.9876059
            ],
            [
              -34.9192716,
              -7.9876254
            ],
            [
              -34.9193043,
              -7.987654
            ],
            [
              -34.9193325,
              -7.9876992
            ],
            [
              -34.9193459,
              -7.987751
            ],
            [
              -34.9193372,
              -7.9878184
            ],
            [
              -34.9192963,
              -7.987924
            ],
            [
              -34.9192713,
              -7.9879729
            ],
            [
              -34.9192379,
              -7.9880382
            ],
            [
              -34.9192245,
              -7.9880614
            ],
            [
              -34.9191756,
              -7.9881457
            ],
            [
              -34.919126,
              -7.9881989
            ],
            [
              -34.9191097,
              -7.988212
            ],
            [
              -34.919071,
              -7.988243
            ],
            [
              -34.9190281,
              -7.9882517
            ],
            [
              -34.918952,
              -7.9882503
            ],
            [
              -34.9188748,
              -7.9882321
            ],
            [
              -34.9187592,
              -7.9881869
            ],
            [
              -34.9186955,
              -7.9881597
            ],
            [
              -34.9187058,
              -7.9882862
            ],
            [
              -34.9190057,
              -7.9887356
            ],
            [
              -34.9190678,
              -7.9887706
            ],
            [
              -34.9199123,
              -7.9892462
            ],
            [
              -34.9203024,
              -7.9896034
            ],
            [
              -34.9211463,
              -7.9902488
            ],
            [
              -34.9223666,
              -7.991431
            ],
            [
              -34.9228576,
              -7.9919319
            ],
            [
              -34.9236412,
              -7.9927039
            ],
            [
              -34.9233343,
              -7.9930053
            ],
            [
              -34.9233119,
              -7.9930404
            ],
            [
              -34.9230527,
              -7.9937044
            ],
            [
              -34.9230426,
              -7.9937963
            ],
            [
              -34.9230641,
              -7.9939707
            ],
            [
              -34.9230985,
              -7.9941045
            ],
            [
              -34.9231167,
              -7.9941753
            ],
            [
              -34.9231687,
              -7.9943877
            ],
            [
              -34.9231936,
              -7.994584
            ],
            [
              -34.9231962,
              -7.9946049
            ],
            [
              -34.9231741,
              -7.9947423
            ],
            [
              -34.9231292,
              -7.9948804
            ],
            [
              -34.9230728,
              -7.9950225
            ],
            [
              -34.9230158,
              -7.9951401
            ],
            [
              -34.9229461,
              -7.995237
            ],
            [
              -34.9228348,
              -7.9953685
            ],
            [
              -34.9227557,
              -7.9954734
            ],
            [
              -34.9226564,
              -7.9956467
            ],
            [
              -34.9225686,
              -7.9958554
            ],
            [
              -34.9225395,
              -7.9959576
            ],
            [
              -34.9224855,
              -7.9961474
            ],
            [
              -34.9224375,
              -7.9963161
            ],
            [
              -34.9222526,
              -7.9969658
            ],
            [
              -34.9221528,
              -7.9972491
            ],
            [
              -34.9217738,
              -7.9982239
            ],
            [
              -34.9216761,
              -7.9984768
            ],
            [
              -34.9216363,
              -7.9985367
            ],
            [
              -34.9215946,
              -7.9985903
            ],
            [
              -34.9215255,
              -7.9986605
            ],
            [
              -34.9214715,
              -7.9987061
            ],
            [
              -34.9214076,
              -7.9987542
            ],
            [
              -34.9213415,
              -7.9988102
            ],
            [
              -34.9212731,
              -7.9988733
            ],
            [
              -34.9211983,
              -7.9989459
            ],
            [
              -34.9211106,
              -7.9990351
            ],
            [
              -34.9210793,
              -7.9990738
            ],
            [
              -34.9210545,
              -7.9991143
            ],
            [
              -34.921028,
              -7.9991693
            ],
            [
              -34.9210491,
              -7.9991721
            ],
            [
              -34.9210806,
              -7.9991814
            ],
            [
              -34.9211343,
              -7.9992093
            ],
            [
              -34.9211511,
              -7.9992186
            ],
            [
              -34.9212027,
              -7.9992471
            ],
            [
              -34.9212825,
              -7.9992936
            ],
            [
              -34.9213368,
              -7.9993308
            ],
            [
              -34.9214561,
              -7.9994251
            ],
            [
              -34.9215416,
              -7.9994969
            ],
            [
              -34.9215844,
              -7.9995392
            ],
            [
              -34.9216336,
              -7.9994216
            ],
            [
              -34.9216927,
              -7.9992752
            ],
            [
              -34.9217488,
              -7.999198
            ],
            [
              -34.9221171,
              -7.9991291
            ],
            [
              -34.9223675,
              -7.998889
            ],
            [
              -34.9226289,
              -7.9987522
            ],
            [
              -34.9228158,
              -7.998598
            ],
            [
              -34.9230333,
              -7.9981008
            ],
            [
              -34.9232832,
              -7.9978726
            ],
            [
              -34.9234012,
              -7.9976984
            ],
            [
              -34.9237188,
              -7.9974357
            ],
            [
              -34.9238881,
              -7.9972957
            ],
            [
              -34.9240606,
              -7.9971895
            ],
            [
              -34.9242364,
              -7.9971677
            ],
            [
              -34.9243153,
              -7.9971085
            ],
            [
              -34.9243787,
              -7.9968937
            ],
            [
              -34.9242872,
              -7.9965823
            ],
            [
              -34.9244922,
              -7.9961529
            ],
            [
              -34.9245043,
              -7.9960355
            ],
            [
              -34.9246219,
              -7.9959005
            ],
            [
              -34.9248673,
              -7.9951199
            ],
            [
              -34.92572,
              -7.9932085
            ],
            [
              -34.9260267,
              -7.9926711
            ],
            [
              -34.9264221,
              -7.992266
            ],
            [
              -34.9269132,
              -7.9916864
            ],
            [
              -34.9270152,
              -7.9916869
            ],
            [
              -34.9273079,
              -7.9919143
            ],
            [
              -34.9276047,
              -7.9921136
            ],
            [
              -34.9276305,
              -7.9920991
            ],
            [
              -34.9276594,
              -7.9920677
            ],
            [
              -34.9277876,
              -7.9918821
            ],
            [
              -34.9279787,
              -7.9916446
            ],
            [
              -34.9282735,
              -7.9913748
            ],
            [
              -34.9283832,
              -7.9911917
            ],
            [
              -34.9285418,
              -7.9908837
            ],
            [
              -34.9286332,
              -7.9906059
            ],
            [
              -34.9286658,
              -7.990006
            ],
            [
              -34.9286922,
              -7.9898289
            ],
            [
              -34.9287857,
              -7.9896115
            ],
            [
              -34.9290276,
              -7.9891646
            ],
            [
              -34.9293406,
              -7.9885627
            ],
            [
              -34.9294402,
              -7.9884177
            ],
            [
              -34.9295717,
              -7.988286
            ],
            [
              -34.9296171,
              -7.9882406
            ],
            [
              -34.9297492,
              -7.9881319
            ],
            [
              -34.9303042,
              -7.9879084
            ],
            [
              -34.9308957,
              -7.9877675
            ],
            [
              -34.9313388,
              -7.9876407
            ],
            [
              -34.9319263,
              -7.9874857
            ],
            [
              -34.9322231,
              -7.987526
            ],
            [
              -34.932408,
              -7.9876025
            ],
            [
              -34.9327007,
              -7.9877092
            ],
            [
              -34.9329183,
              -7.9877461
            ],
            [
              -34.9329955,
              -7.9877267
            ],
            [
              -34.9331403,
              -7.9876903
            ],
            [
              -34.9331865,
              -7.9876787
            ],
            [
              -34.9331973,
              -7.9876746
            ],
            [
              -34.9332126,
              -7.9876688
            ],
            [
              -34.9332235,
              -7.9876615
            ],
            [
              -34.9332322,
              -7.9876544
            ],
            [
              -34.9333818,
              -7.9875324
            ],
            [
              -34.9334818,
              -7.9874509
            ]
          ]
        ]
      }
    },
    {
      "id": "('relation', 9701827)",
      "type": "Feature",
      "properties": {
        "nome": "SALGADINHO",
        "valor": 79
      },
      "geometry": {
        "type": "MultiPolygon",
        "coordinates": [
          [
            [
              [
                -34.8503082,
                -8.0447417
              ],
              [
                -34.850353,
                -8.0446723
              ],
              [
                -34.850395,
                -8.0445592
              ],
              [
                -34.8503752,
                -8.0444435
              ],
              [
                -34.8502824,
                -8.044348
              ],
              [
                -34.8501557,
                -8.0443312
              ],
              [
                -34.8500351,
                -8.0443622
              ],
              [
                -34.8499753,
                -8.044437
              ],
              [
                -34.8499525,
                -8.0445366
              ],
              [
                -34.8499699,
                -8.0446282
              ],
              [
                -34.8500423,
                -8.0447079
              ],
              [
                -34.8501219,
                -8.0447777
              ],
              [
                -34.8515401,
                -8.0508811
              ],
              [
                -34.8516999,
                -8.0507525
              ],
              [
                -34.8503082,
                -8.0447417
              ]
            ]
          ],
          [
            [
              [
                -34.8756645,
                -8.0295432
              ],
              [
                -34.8755592,
                -8.0294941
              ],
              [
                -34.8750378,
                -8.029246
              ],
              [
                -34.874915,
                -8.029189
              ],
              [
                -34.8748179,
                -8.0291445
              ],
              [
                -34.8741288,
                -8.0288534
              ],
              [
                -34.8738261,
                -8.0287242
              ],
              [
                -34.8737155,
                -8.0286691
              ],
              [
                -34.8732265,
                -8.0284522
              ],
              [
                -34.872544,
                -8.0281426
              ],
              [
                -34.872215,
                -8.0279991
              ],
              [
                -34.872477,
                -8.0277703
              ],
              [
                -34.8721606,
                -8.0272675
              ],
              [
                -34.8718977,
                -8.0268108
              ],
              [
                -34.8722768,
                -8.0265927
              ],
              [
                -34.8725933,
                -8.0264387
              ],
              [
                -34.8729491,
                -8.0261232
              ],
              [
                -34.8717246,
                -8.0250184
              ],
              [
                -34.8715178,
                -8.0251153
              ],
              [
                -34.87118,
                -8.0247755
              ],
              [
                -34.8707274,
                -8.0243203
              ],
              [
                -34.8698615,
                -8.0234493
              ],
              [
                -34.8696406,
                -8.0232483
              ],
              [
                -34.8696188,
                -8.0232284
              ],
              [
                -34.8681191,
                -8.0217849
              ],
              [
                -34.8660873,
                -8.0226322
              ],
              [
                -34.8653497,
                -8.023
              ],
              [
                -34.8645477,
                -8.0234422
              ],
              [
                -34.8633273,
                -8.0240651
              ],
              [
                -34.8628536,
                -8.0243659
              ],
              [
                -34.8625052,
                -8.0246958
              ],
              [
                -34.8616496,
                -8.0255192
              ],
              [
                -34.8607188,
                -8.0263053
              ],
              [
                -34.8602079,
                -8.0268565
              ],
              [
                -34.8600362,
                -8.0271645
              ],
              [
                -34.8596002,
                -8.0274493
              ],
              [
                -34.8592032,
                -8.0278153
              ],
              [
                -34.8595833,
                -8.0284487
              ],
              [
                -34.8598252,
                -8.0288001
              ],
              [
                -34.8602356,
                -8.0294764
              ],
              [
                -34.8616409,
                -8.0320479
              ],
              [
                -34.8622001,
                -8.0330563
              ],
              [
                -34.8628657,
                -8.0348326
              ],
              [
                -34.863444,
                -8.0365279
              ],
              [
                -34.8641085,
                -8.0385572
              ],
              [
                -34.8642629,
                -8.0405576
              ],
              [
                -34.8634905,
                -8.041059
              ],
              [
                -34.8632665,
                -8.0412289
              ],
              [
                -34.8631644,
                -8.0413064
              ],
              [
                -34.8628878,
                -8.0415239
              ],
              [
                -34.8616489,
                -8.0428189
              ],
              [
                -34.8608166,
                -8.0436932
              ],
              [
                -34.8604897,
                -8.0439638
              ],
              [
                -34.8604545,
                -8.0440294
              ],
              [
                -34.860473,
                -8.0441056
              ],
              [
                -34.8605232,
                -8.0441569
              ],
              [
                -34.8633108,
                -8.0414326
              ],
              [
                -34.8675464,
                -8.0379866
              ],
              [
                -34.869348,
                -8.0365712
              ],
              [
                -34.8707607,
                -8.0354517
              ],
              [
                -34.8755947,
                -8.0316187
              ],
              [
                -34.8756792,
                -8.0313831
              ],
              [
                -34.8759133,
                -8.030731
              ],
              [
                -34.876124,
                -8.0301141
              ],
              [
                -34.8761614,
                -8.0300082
              ],
              [
                -34.8761862,
                -8.0299124
              ],
              [
                -34.8761931,
                -8.0298192
              ],
              [
                -34.8761938,
                -8.029755
              ],
              [
                -34.8756645,
                -8.0295432
              ]
            ]
          ]
        ]
      }
    },
    {
      "id": "('relation', 9701912)",
      "type": "Feature",
      "properties": {
        "nome": "VILA POPULAR",
        "valor": 95
      },
      "geometry": {
        "type": "Polygon",
        "coordinates": [
          [
            [
              -34.8671625,
              -8.0164453
            ],
            [
              -34.8665446,
              -8.015505
            ],
            [
              -34.8661262,
              -8.0148986
            ],
            [
              -34.8660947,
              -8.0148647
            ],
            [
              -34.8660591,
              -8.0148375
            ],
            [
              -34.8659693,
              -8.0147844
            ],
            [
              -34.8661007,
              -8.0142578
            ],
            [
              -34.8659036,
              -8.0141622
            ],
            [
              -34.8657936,
              -8.014133
            ],
            [
              -34.8657346,
              -8.0141304
            ],
            [
              -34.8656729,
              -8.0140985
            ],
            [
              -34.8656068,
              -8.013999
            ],
            [
              -34.8656169,
              -8.0139356
            ],
            [
              -34.8656118,
              -8.0138958
            ],
            [
              -34.8655952,
              -8.0138449
            ],
            [
              -34.865394,
              -8.0135158
            ],
            [
              -34.865166,
              -8.0131413
            ],
            [
              -34.8646182,
              -8.0123274
            ],
            [
              -34.8652113,
              -8.0119455
            ],
            [
              -34.8649547,
              -8.0115268
            ],
            [
              -34.864895,
              -8.0114132
            ],
            [
              -34.8646873,
              -8.011101
            ],
            [
              -34.864592,
              -8.0109571
            ],
            [
              -34.8644337,
              -8.0107154
            ],
            [
              -34.8642708,
              -8.0104365
            ],
            [
              -34.8642074,
              -8.0103312
            ],
            [
              -34.8639536,
              -8.0099445
            ],
            [
              -34.8637015,
              -8.0095846
            ],
            [
              -34.8634674,
              -8.0091994
            ],
            [
              -34.8619111,
              -8.0101543
            ],
            [
              -34.8617381,
              -8.0102486
            ],
            [
              -34.8617253,
              -8.0102541
            ],
            [
              -34.8617111,
              -8.0102587
            ],
            [
              -34.861555,
              -8.0103223
            ],
            [
              -34.8615386,
              -8.0103293
            ],
            [
              -34.8615217,
              -8.0103381
            ],
            [
              -34.8614337,
              -8.0103874
            ],
            [
              -34.8607912,
              -8.0107666
            ],
            [
              -34.8606686,
              -8.0108229
            ],
            [
              -34.8606136,
              -8.0108455
            ],
            [
              -34.8605889,
              -8.0108472
            ],
            [
              -34.8605584,
              -8.010841
            ],
            [
              -34.8604489,
              -8.0107972
            ],
            [
              -34.8604124,
              -8.0107987
            ],
            [
              -34.8603762,
              -8.010809
            ],
            [
              -34.8602421,
              -8.0108615
            ],
            [
              -34.8601254,
              -8.0109152
            ],
            [
              -34.8600832,
              -8.0109398
            ],
            [
              -34.860054,
              -8.0109574
            ],
            [
              -34.8600008,
              -8.0110099
            ],
            [
              -34.8599379,
              -8.0109597
            ],
            [
              -34.8598648,
              -8.0109148
            ],
            [
              -34.8596176,
              -8.011376
            ],
            [
              -34.8592711,
              -8.0119735
            ],
            [
              -34.8591395,
              -8.012227
            ],
            [
              -34.859705,
              -8.0143906
            ],
            [
              -34.8600912,
              -8.0159285
            ],
            [
              -34.8607567,
              -8.0187415
            ],
            [
              -34.8614444,
              -8.0185699
            ],
            [
              -34.8648615,
              -8.0177306
            ],
            [
              -34.865237,
              -8.0176323
            ],
            [
              -34.8654583,
              -8.0175553
            ],
            [
              -34.8656662,
              -8.0174517
            ],
            [
              -34.8660873,
              -8.0171843
            ],
            [
              -34.8671833,
              -8.0164776
            ],
            [
              -34.8671625,
              -8.0164453
            ]
          ]
        ]
      }
    },
    {
      "id": "('relation', 9701913)",
      "type": "Feature",
      "properties": {
        "nome": "PEIXINHOS",
        "valor": 41
      },
      "geometry": {
        "type": "Polygon",
        "coordinates": [
          [
            [
              -34.8860369,
              -8.0057625
            ],
            [
              -34.8859243,
              -8.0056122
            ],
            [
              -34.8858231,
              -8.0054932
            ],
            [
              -34.8855778,
              -8.0051733
            ],
            [
              -34.8855242,
              -8.005104
            ],
            [
              -34.8854033,
              -8.0049465
            ],
            [
              -34.885371,
              -8.0049055
            ],
            [
              -34.8852712,
              -8.0047931
            ],
            [
              -34.8852513,
              -8.0047627
            ],
            [
              -34.8852284,
              -8.0047324
            ],
            [
              -34.8851339,
              -8.004624
            ],
            [
              -34.8850919,
              -8.0045702
            ],
            [
              -34.8850548,
              -8.0045274
            ],
            [
              -34.8847064,
              -8.0040961
            ],
            [
              -34.8845264,
              -8.0038881
            ],
            [
              -34.8838703,
              -8.0031044
            ],
            [
              -34.8837818,
              -8.0030022
            ],
            [
              -34.8836551,
              -8.0028641
            ],
            [
              -34.8835699,
              -8.0027751
            ],
            [
              -34.8833332,
              -8.0025633
            ],
            [
              -34.8831569,
              -8.0024178
            ],
            [
              -34.8830107,
              -8.002295
            ],
            [
              -34.8829101,
              -8.0022186
            ],
            [
              -34.8827767,
              -8.002133
            ],
            [
              -34.8826895,
              -8.0020818
            ],
            [
              -34.8825044,
              -8.0019683
            ],
            [
              -34.8822583,
              -8.0018388
            ],
            [
              -34.8820142,
              -8.0017239
            ],
            [
              -34.8818909,
              -8.0016721
            ],
            [
              -34.8817608,
              -8.0016237
            ],
            [
              -34.8816441,
              -8.0015838
            ],
            [
              -34.8812221,
              -8.0014345
            ],
            [
              -34.8811807,
              -8.0014211
            ],
            [
              -34.8810205,
              -8.001382
            ],
            [
              -34.8808989,
              -8.0013533
            ],
            [
              -34.8807683,
              -8.0013291
            ],
            [
              -34.8800271,
              -8.0011632
            ],
            [
              -34.879159,
              -8.0009676
            ],
            [
              -34.878001,
              -8.0007199
            ],
            [
              -34.8775886,
              -8.0006303
            ],
            [
              -34.877344,
              -8.0005807
            ],
            [
              -34.8770562,
              -8.0005054
            ],
            [
              -34.8767571,
              -8.0004171
            ],
            [
              -34.8767504,
              -8.0005353
            ],
            [
              -34.8767477,
              -8.0006203
            ],
            [
              -34.8767598,
              -8.0007146
            ],
            [
              -34.876775,
              -8.0007605
            ],
            [
              -34.8767853,
              -8.0007916
            ],
            [
              -34.8768309,
              -8.0008966
            ],
            [
              -34.8770468,
              -8.0012445
            ],
            [
              -34.8771874,
              -8.0014611
            ],
            [
              -34.8773029,
              -8.0016389
            ],
            [
              -34.8780997,
              -8.0028131
            ],
            [
              -34.8779271,
              -8.0029265
            ],
            [
              -34.8776717,
              -8.0030912
            ],
            [
              -34.8774469,
              -8.0032411
            ],
            [
              -34.8765927,
              -8.0038107
            ],
            [
              -34.8764034,
              -8.0039292
            ],
            [
              -34.8763267,
              -8.003978
            ],
            [
              -34.876286,
              -8.004004
            ],
            [
              -34.8758921,
              -8.0042507
            ],
            [
              -34.8755099,
              -8.0044954
            ],
            [
              -34.8752204,
              -8.0046793
            ],
            [
              -34.875123,
              -8.0047432
            ],
            [
              -34.8747512,
              -8.0049813
            ],
            [
              -34.8743764,
              -8.0052253
            ],
            [
              -34.8743637,
              -8.0052098
            ],
            [
              -34.8738656,
              -8.005196
            ],
            [
              -34.87323,
              -8.0052432
            ],
            [
              -34.8730946,
              -8.0052432
            ],
            [
              -34.8729283,
              -8.0052486
            ],
            [
              -34.8725528,
              -8.0052552
            ],
            [
              -34.872294,
              -8.0052598
            ],
            [
              -34.8722063,
              -8.005264
            ],
            [
              -34.8717929,
              -8.0052837
            ],
            [
              -34.8716483,
              -8.0052971
            ],
            [
              -34.8713613,
              -8.0053354
            ],
            [
              -34.87128,
              -8.0053734
            ],
            [
              -34.8711835,
              -8.0054252
            ],
            [
              -34.8711964,
              -8.005554
            ],
            [
              -34.8712371,
              -8.0057997
            ],
            [
              -34.871266,
              -8.0059869
            ],
            [
              -34.8712903,
              -8.0061447
            ],
            [
              -34.8713136,
              -8.0062937
            ],
            [
              -34.8713319,
              -8.0064197
            ],
            [
              -34.8713559,
              -8.0065814
            ],
            [
              -34.8714506,
              -8.0072178
            ],
            [
              -34.8714783,
              -8.0073995
            ],
            [
              -34.8715198,
              -8.0076715
            ],
            [
              -34.8715498,
              -8.0078677
            ],
            [
              -34.8704445,
              -8.0085726
            ],
            [
              -34.8698638,
              -8.008967
            ],
            [
              -34.8681563,
              -8.0100306
            ],
            [
              -34.8680464,
              -8.010111
            ],
            [
              -34.8678058,
              -8.0102651
            ],
            [
              -34.8675604,
              -8.0104222
            ],
            [
              -34.8670801,
              -8.0107299
            ],
            [
              -34.8665189,
              -8.0110892
            ],
            [
              -34.8657206,
              -8.0116005
            ],
            [
              -34.8652113,
              -8.0119455
            ],
            [
              -34.8646182,
              -8.0123274
            ],
            [
              -34.865166,
              -8.0131413
            ],
            [
              -34.865394,
              -8.0135158
            ],
            [
              -34.8655952,
              -8.0138449
            ],
            [
              -34.8656118,
              -8.0138958
            ],
            [
              -34.8656169,
              -8.0139356
            ],
            [
              -34.8656068,
              -8.013999
            ],
            [
              -34.8656729,
              -8.0140985
            ],
            [
              -34.8657346,
              -8.0141304
            ],
            [
              -34.8657936,
              -8.014133
            ],
            [
              -34.8659036,
              -8.0141622
            ],
            [
              -34.8661007,
              -8.0142578
            ],
            [
              -34.8659693,
              -8.0147844
            ],
            [
              -34.8660591,
              -8.0148375
            ],
            [
              -34.8660947,
              -8.0148647
            ],
            [
              -34.8661262,
              -8.0148986
            ],
            [
              -34.8665446,
              -8.015505
            ],
            [
              -34.8671625,
              -8.0164453
            ],
            [
              -34.8671833,
              -8.0164776
            ],
            [
              -34.8660873,
              -8.0171843
            ],
            [
              -34.8656662,
              -8.0174517
            ],
            [
              -34.8654583,
              -8.0175553
            ],
            [
              -34.865237,
              -8.0176323
            ],
            [
              -34.8648615,
              -8.0177306
            ],
            [
              -34.8614444,
              -8.0185699
            ],
            [
              -34.8607567,
              -8.0187415
            ],
            [
              -34.8614122,
              -8.0214144
            ],
            [
              -34.8615798,
              -8.0220439
            ],
            [
              -34.8617958,
              -8.02268
            ],
            [
              -34.8619097,
              -8.0229257
            ],
            [
              -34.8621082,
              -8.0233055
            ],
            [
              -34.8623852,
              -8.0237244
            ],
            [
              -34.8628536,
              -8.0243659
            ],
            [
              -34.8633273,
              -8.0240651
            ],
            [
              -34.8645477,
              -8.0234422
            ],
            [
              -34.8653497,
              -8.023
            ],
            [
              -34.8660873,
              -8.0226322
            ],
            [
              -34.8681191,
              -8.0217849
            ],
            [
              -34.8692858,
              -8.0213706
            ],
            [
              -34.8699671,
              -8.0211395
            ],
            [
              -34.8707289,
              -8.0209217
            ],
            [
              -34.8723757,
              -8.0205154
            ],
            [
              -34.8727516,
              -8.0204291
            ],
            [
              -34.8734474,
              -8.0202693
            ],
            [
              -34.8733917,
              -8.0200653
            ],
            [
              -34.8733145,
              -8.0196391
            ],
            [
              -34.873171,
              -8.0188791
            ],
            [
              -34.8729864,
              -8.0175826
            ],
            [
              -34.8729561,
              -8.0173415
            ],
            [
              -34.8772073,
              -8.016663
            ],
            [
              -34.8793905,
              -8.01613
            ],
            [
              -34.8794235,
              -8.0158545
            ],
            [
              -34.8794541,
              -8.0155923
            ],
            [
              -34.8794946,
              -8.0153389
            ],
            [
              -34.879611,
              -8.0147983
            ],
            [
              -34.8796512,
              -8.0144863
            ],
            [
              -34.8796807,
              -8.0141277
            ],
            [
              -34.8796941,
              -8.0137864
            ],
            [
              -34.8797102,
              -8.0135062
            ],
            [
              -34.879733,
              -8.013068
            ],
            [
              -34.8797826,
              -8.0126363
            ],
            [
              -34.8797963,
              -8.01238
            ],
            [
              -34.8797993,
              -8.0120664
            ],
            [
              -34.8798259,
              -8.0118388
            ],
            [
              -34.8798833,
              -8.0115891
            ],
            [
              -34.8799496,
              -8.0114431
            ],
            [
              -34.8800529,
              -8.0112904
            ],
            [
              -34.8801696,
              -8.0111536
            ],
            [
              -34.8803224,
              -8.0110228
            ],
            [
              -34.8803749,
              -8.0109794
            ],
            [
              -34.8804653,
              -8.0109046
            ],
            [
              -34.8806316,
              -8.0107705
            ],
            [
              -34.8806939,
              -8.0107081
            ],
            [
              -34.8807838,
              -8.0105945
            ],
            [
              -34.8809065,
              -8.0104312
            ],
            [
              -34.8810393,
              -8.0102731
            ],
            [
              -34.8812579,
              -8.0100122
            ],
            [
              -34.8813383,
              -8.0099199
            ],
            [
              -34.8814617,
              -8.0097957
            ],
            [
              -34.881565,
              -8.0097107
            ],
            [
              -34.8816957,
              -8.0096403
            ],
            [
              -34.8818278,
              -8.0095633
            ],
            [
              -34.8819606,
              -8.0094836
            ],
            [
              -34.8820733,
              -8.0094046
            ],
            [
              -34.8821732,
              -8.0093276
            ],
            [
              -34.8823019,
              -8.0092619
            ],
            [
              -34.8824702,
              -8.0091882
            ],
            [
              -34.8827036,
              -8.0090912
            ],
            [
              -34.8829181,
              -8.0090122
            ],
            [
              -34.8831046,
              -8.0089564
            ],
            [
              -34.8832266,
              -8.0089159
            ],
            [
              -34.8833171,
              -8.0088674
            ],
            [
              -34.8833862,
              -8.0088103
            ],
            [
              -34.883517,
              -8.0086875
            ],
            [
              -34.8836953,
              -8.0085062
            ],
            [
              -34.883806,
              -8.0083953
            ],
            [
              -34.8839253,
              -8.0082818
            ],
            [
              -34.8841459,
              -8.008068
            ],
            [
              -34.8842566,
              -8.0079783
            ],
            [
              -34.8843458,
              -8.007896
            ],
            [
              -34.8844168,
              -8.0078176
            ],
            [
              -34.884498,
              -8.0076629
            ],
            [
              -34.8846991,
              -8.0072094
            ],
            [
              -34.8847575,
              -8.0071027
            ],
            [
              -34.8848426,
              -8.0069471
            ],
            [
              -34.8849222,
              -8.0068366
            ],
            [
              -34.8849995,
              -8.0067293
            ],
            [
              -34.8851296,
              -8.0065633
            ],
            [
              -34.8852342,
              -8.0064179
            ],
            [
              -34.8853033,
              -8.0063296
            ],
            [
              -34.8853985,
              -8.0062393
            ],
            [
              -34.8855843,
              -8.006068
            ],
            [
              -34.8856527,
              -8.0060029
            ],
            [
              -34.8857586,
              -8.0059332
            ],
            [
              -34.8858907,
              -8.0058581
            ],
            [
              -34.8860369,
              -8.0057625
            ]
          ]
        ]
      }
    },
    {
      "id": "('relation', 9701914)",
      "type": "Feature",
      "properties": {
        "nome": "SANTA TEREZA",
        "valor": 35
      },
      "geometry": {
        "type": "Polygon",
        "coordinates": [
          [
            [
              -34.8628536,
              -8.0243659
            ],
            [
              -34.8623852,
              -8.0237244
            ],
            [
              -34.8621082,
              -8.0233055
            ],
            [
              -34.8619097,
              -8.0229257
            ],
            [
              -34.8617958,
              -8.02268
            ],
            [
              -34.8615798,
              -8.0220439
            ],
            [
              -34.8614122,
              -8.0214144
            ],
            [
              -34.8607567,
              -8.0187415
            ],
            [
              -34.8571955,
              -8.0196092
            ],
            [
              -34.8569563,
              -8.0196658
            ],
            [
              -34.856851,
              -8.0196908
            ],
            [
              -34.8562387,
              -8.0198519
            ],
            [
              -34.8561313,
              -8.0198779
            ],
            [
              -34.8557616,
              -8.0199675
            ],
            [
              -34.8556288,
              -8.0199971
            ],
            [
              -34.8554401,
              -8.0200384
            ],
            [
              -34.8553035,
              -8.0200731
            ],
            [
              -34.8551901,
              -8.0200658
            ],
            [
              -34.8549635,
              -8.0199921
            ],
            [
              -34.8548321,
              -8.0199795
            ],
            [
              -34.8547449,
              -8.0199875
            ],
            [
              -34.854641,
              -8.0200154
            ],
            [
              -34.8544358,
              -8.020119
            ],
            [
              -34.8540292,
              -8.0203338
            ],
            [
              -34.854066,
              -8.0204596
            ],
            [
              -34.8540737,
              -8.0205506
            ],
            [
              -34.8537832,
              -8.020981
            ],
            [
              -34.8536999,
              -8.02117
            ],
            [
              -34.8536735,
              -8.0213263
            ],
            [
              -34.8537046,
              -8.0215303
            ],
            [
              -34.8533267,
              -8.0222682
            ],
            [
              -34.8531577,
              -8.0226468
            ],
            [
              -34.8532704,
              -8.0226016
            ],
            [
              -34.853375,
              -8.0226016
            ],
            [
              -34.8535332,
              -8.0226495
            ],
            [
              -34.8535681,
              -8.0227158
            ],
            [
              -34.8535554,
              -8.0228327
            ],
            [
              -34.8535132,
              -8.0228958
            ],
            [
              -34.8534474,
              -8.0229044
            ],
            [
              -34.8534246,
              -8.0229283
            ],
            [
              -34.8534507,
              -8.0229555
            ],
            [
              -34.8534883,
              -8.0229682
            ],
            [
              -34.8535017,
              -8.023
            ],
            [
              -34.853497,
              -8.0230339
            ],
            [
              -34.8534655,
              -8.0231076
            ],
            [
              -34.853499,
              -8.0231481
            ],
            [
              -34.853556,
              -8.0231521
            ],
            [
              -34.8535963,
              -8.0231189
            ],
            [
              -34.8536097,
              -8.0230624
            ],
            [
              -34.8536063,
              -8.023012
            ],
            [
              -34.8536117,
              -8.0229708
            ],
            [
              -34.8536318,
              -8.0229403
            ],
            [
              -34.8536667,
              -8.0229356
            ],
            [
              -34.8536975,
              -8.0229555
            ],
            [
              -34.8537129,
              -8.0229894
            ],
            [
              -34.8537485,
              -8.0229934
            ],
            [
              -34.8538276,
              -8.0229794
            ],
            [
              -34.8538598,
              -8.0229542
            ],
            [
              -34.8539087,
              -8.0229303
            ],
            [
              -34.8541642,
              -8.0228765
            ],
            [
              -34.8542795,
              -8.0228805
            ],
            [
              -34.854404,
              -8.0229138
            ],
            [
              -34.8549652,
              -8.0232759
            ],
            [
              -34.8556922,
              -8.0238907
            ],
            [
              -34.8565421,
              -8.0247304
            ],
            [
              -34.8579394,
              -8.026264
            ],
            [
              -34.8592032,
              -8.0278153
            ],
            [
              -34.8596002,
              -8.0274493
            ],
            [
              -34.8600362,
              -8.0271645
            ],
            [
              -34.8602079,
              -8.0268565
            ],
            [
              -34.8607188,
              -8.0263053
            ],
            [
              -34.8616496,
              -8.0255192
            ],
            [
              -34.8625052,
              -8.0246958
            ],
            [
              -34.8628536,
              -8.0243659
            ]
          ]
        ]
      }
    },
    {
      "id": "('relation', 9703899)",
      "type": "Feature",
      "properties": {
        "nome": "VARADOURO",
        "valor": 68
      },
      "geometry": {
        "type": "MultiPolygon",
        "coordinates": [
          [
            [
              [
                -34.850548,
                -8.0227863
              ],
              [
                -34.8504729,
                -8.0227783
              ],
              [
                -34.8504354,
                -8.0228368
              ],
              [
                -34.8504408,
                -8.0229324
              ],
              [
                -34.8505159,
                -8.0230227
              ],
              [
                -34.8506714,
                -8.0231183
              ],
              [
                -34.8520662,
                -8.0236814
              ],
              [
                -34.8522378,
                -8.0237212
              ],
              [
                -34.8523022,
                -8.0237106
              ],
              [
                -34.8523129,
                -8.0236787
              ],
              [
                -34.8522808,
                -8.0236203
              ],
              [
                -34.852211,
                -8.0235565
              ],
              [
                -34.852093,
                -8.0234875
              ],
              [
                -34.8518892,
                -8.0233865
              ],
              [
                -34.8508967,
                -8.0230094
              ],
              [
                -34.8507143,
                -8.0229244
              ],
              [
                -34.8505963,
                -8.0228235
              ],
              [
                -34.850548,
                -8.0227863
              ]
            ]
          ],
          [
            [
              [
                -34.8493786,
                -8.0220373
              ],
              [
                -34.8495985,
                -8.0221675
              ],
              [
                -34.8497541,
                -8.0221701
              ],
              [
                -34.8498292,
                -8.0221409
              ],
              [
                -34.8498131,
                -8.0220692
              ],
              [
                -34.8494591,
                -8.0217744
              ],
              [
                -34.8491759,
                -8.0215295
              ],
              [
                -34.8489757,
                -8.0216653
              ],
              [
                -34.8493786,
                -8.0220373
              ]
            ]
          ],
          [
            [
              [
                -34.859705,
                -8.0143906
              ],
              [
                -34.8591395,
                -8.012227
              ],
              [
                -34.8590331,
                -8.0117672
              ],
              [
                -34.8588903,
                -8.0111304
              ],
              [
                -34.8586696,
                -8.0102891
              ],
              [
                -34.8585147,
                -8.0098714
              ],
              [
                -34.8583109,
                -8.0092057
              ],
              [
                -34.8582797,
                -8.009099
              ],
              [
                -34.8582608,
                -8.0090342
              ],
              [
                -34.8582313,
                -8.0089335
              ],
              [
                -34.8580828,
                -8.0083756
              ],
              [
                -34.8580351,
                -8.0082152
              ],
              [
                -34.8578367,
                -8.0075479
              ],
              [
                -34.8577623,
                -8.0076295
              ],
              [
                -34.8576149,
                -8.0083389
              ],
              [
                -34.8574771,
                -8.0088903
              ],
              [
                -34.8574754,
                -8.0088962
              ],
              [
                -34.8574648,
                -8.0089327
              ],
              [
                -34.8574539,
                -8.0089702
              ],
              [
                -34.8572607,
                -8.0095624
              ],
              [
                -34.8570629,
                -8.0101241
              ],
              [
                -34.8569664,
                -8.0103916
              ],
              [
                -34.8565534,
                -8.0115368
              ],
              [
                -34.8564869,
                -8.0117347
              ],
              [
                -34.8560429,
                -8.0130446
              ],
              [
                -34.8558557,
                -8.0135922
              ],
              [
                -34.8558284,
                -8.0136721
              ],
              [
                -34.8556763,
                -8.0140859
              ],
              [
                -34.8555555,
                -8.0144457
              ],
              [
                -34.8554813,
                -8.0147059
              ],
              [
                -34.855383,
                -8.0149933
              ],
              [
                -34.8552448,
                -8.0153993
              ],
              [
                -34.8551458,
                -8.015662
              ],
              [
                -34.8549717,
                -8.0161602
              ],
              [
                -34.8543883,
                -8.015946
              ],
              [
                -34.8539996,
                -8.0158438
              ],
              [
                -34.8534792,
                -8.0157443
              ],
              [
                -34.8534427,
                -8.0159105
              ],
              [
                -34.8533741,
                -8.016078
              ],
              [
                -34.8533054,
                -8.0162278
              ],
              [
                -34.8531619,
                -8.0164321
              ],
              [
                -34.8529544,
                -8.0166495
              ],
              [
                -34.852342,
                -8.017105
              ],
              [
                -34.8522619,
                -8.0178828
              ],
              [
                -34.8522374,
                -8.0181046
              ],
              [
                -34.8519706,
                -8.0181239
              ],
              [
                -34.8520115,
                -8.0182156
              ],
              [
                -34.8513526,
                -8.0183136
              ],
              [
                -34.8511568,
                -8.0183242
              ],
              [
                -34.85102,
                -8.0182804
              ],
              [
                -34.8509799,
                -8.0182541
              ],
              [
                -34.8507467,
                -8.0184887
              ],
              [
                -34.8504908,
                -8.0187805
              ],
              [
                -34.8499173,
                -8.0193399
              ],
              [
                -34.8498921,
                -8.0193667
              ],
              [
                -34.8508792,
                -8.0202551
              ],
              [
                -34.8508558,
                -8.0202794
              ],
              [
                -34.8504245,
                -8.0206814
              ],
              [
                -34.8501183,
                -8.0208841
              ],
              [
                -34.8500465,
                -8.0209591
              ],
              [
                -34.8501596,
                -8.0211227
              ],
              [
                -34.8502028,
                -8.0210876
              ],
              [
                -34.850396,
                -8.0212985
              ],
              [
                -34.8503156,
                -8.0214172
              ],
              [
                -34.8508255,
                -8.022085
              ],
              [
                -34.8508101,
                -8.0221229
              ],
              [
                -34.8508342,
                -8.0221767
              ],
              [
                -34.8510414,
                -8.0223506
              ],
              [
                -34.8510723,
                -8.0224144
              ],
              [
                -34.8512091,
                -8.0224954
              ],
              [
                -34.8513365,
                -8.0225711
              ],
              [
                -34.8513693,
                -8.0225804
              ],
              [
                -34.8513868,
                -8.0225591
              ],
              [
                -34.851368,
                -8.0225273
              ],
              [
                -34.8512064,
                -8.0224157
              ],
              [
                -34.8511753,
                -8.0223334
              ],
              [
                -34.8514009,
                -8.022263
              ],
              [
                -34.8515195,
                -8.0222311
              ],
              [
                -34.8516718,
                -8.0222291
              ],
              [
                -34.8518756,
                -8.0222647
              ],
              [
                -34.8518689,
                -8.0223068
              ],
              [
                -34.8518877,
                -8.0223666
              ],
              [
                -34.8521392,
                -8.0225321
              ],
              [
                -34.8523801,
                -8.0226453
              ],
              [
                -34.8525542,
                -8.0226921
              ],
              [
                -34.852813,
                -8.0227729
              ],
              [
                -34.8528708,
                -8.0228049
              ],
              [
                -34.8528801,
                -8.0228699
              ],
              [
                -34.8528171,
                -8.0229602
              ],
              [
                -34.8526923,
                -8.0231275
              ],
              [
                -34.8527218,
                -8.0231766
              ],
              [
                -34.8527809,
                -8.0231753
              ],
              [
                -34.8529002,
                -8.0230306
              ],
              [
                -34.8530585,
                -8.0228367
              ],
              [
                -34.8531188,
                -8.0228287
              ],
              [
                -34.8532241,
                -8.0228878
              ],
              [
                -34.853261,
                -8.0228798
              ],
              [
                -34.8532636,
                -8.0228433
              ],
              [
                -34.853212,
                -8.0228022
              ],
              [
                -34.853153,
                -8.022757
              ],
              [
                -34.8531088,
                -8.0227258
              ],
              [
                -34.8531577,
                -8.0226468
              ],
              [
                -34.8533267,
                -8.0222682
              ],
              [
                -34.8537046,
                -8.0215303
              ],
              [
                -34.8536735,
                -8.0213263
              ],
              [
                -34.8536999,
                -8.02117
              ],
              [
                -34.8537832,
                -8.020981
              ],
              [
                -34.8540737,
                -8.0205506
              ],
              [
                -34.854066,
                -8.0204596
              ],
              [
                -34.8540292,
                -8.0203338
              ],
              [
                -34.8544358,
                -8.020119
              ],
              [
                -34.854641,
                -8.0200154
              ],
              [
                -34.8547449,
                -8.0199875
              ],
              [
                -34.8548321,
                -8.0199795
              ],
              [
                -34.8549635,
                -8.0199921
              ],
              [
                -34.8551901,
                -8.0200658
              ],
              [
                -34.8553035,
                -8.0200731
              ],
              [
                -34.8554401,
                -8.0200384
              ],
              [
                -34.8556288,
                -8.0199971
              ],
              [
                -34.8557616,
                -8.0199675
              ],
              [
                -34.8561313,
                -8.0198779
              ],
              [
                -34.8562387,
                -8.0198519
              ],
              [
                -34.856851,
                -8.0196908
              ],
              [
                -34.8569563,
                -8.0196658
              ],
              [
                -34.8571955,
                -8.0196092
              ],
              [
                -34.8607567,
                -8.0187415
              ],
              [
                -34.8600912,
                -8.0159285
              ],
              [
                -34.859705,
                -8.0143906
              ]
            ]
          ]
        ]
      }
    },
    {
      "id": "('relation', 9881996)",
      "type": "Feature",
      "properties": {
        "nome": "AMARO BRANCO",
        "valor": 53
      },
      "geometry": {
        "type": "Polygon",
        "coordinates": [
          [
            [
              -34.8498758,
              -8.0091991
            ],
            [
              -34.849872,
              -8.0091785
            ],
            [
              -34.8498631,
              -8.0091596
            ],
            [
              -34.8497862,
              -8.0090348
            ],
            [
              -34.8497017,
              -8.0089285
            ],
            [
              -34.8495602,
              -8.0087625
            ],
            [
              -34.8494371,
              -8.0086333
            ],
            [
              -34.848783,
              -8.0081567
            ],
            [
              -34.8486152,
              -8.0080079
            ],
            [
              -34.8485544,
              -8.007925
            ],
            [
              -34.8485197,
              -8.0078712
            ],
            [
              -34.8484498,
              -8.0077857
            ],
            [
              -34.8482714,
              -8.007566
            ],
            [
              -34.8478469,
              -8.0070862
            ],
            [
              -34.8477906,
              -8.0071437
            ],
            [
              -34.8473695,
              -8.0067532
            ],
            [
              -34.8473351,
              -8.006726
            ],
            [
              -34.8472944,
              -8.0066998
            ],
            [
              -34.8472491,
              -8.0066759
            ],
            [
              -34.8472052,
              -8.0066579
            ],
            [
              -34.8471378,
              -8.0066423
            ],
            [
              -34.8470627,
              -8.0066327
            ],
            [
              -34.8464435,
              -8.0066211
            ],
            [
              -34.8462929,
              -8.0066201
            ],
            [
              -34.8457984,
              -8.0066224
            ],
            [
              -34.8455268,
              -8.0066232
            ],
            [
              -34.8454562,
              -8.0066212
            ],
            [
              -34.8454284,
              -8.0066191
            ],
            [
              -34.8453927,
              -8.0066144
            ],
            [
              -34.8453193,
              -8.0065939
            ],
            [
              -34.8452241,
              -8.006566
            ],
            [
              -34.84515,
              -8.0065374
            ],
            [
              -34.8451094,
              -8.0065201
            ],
            [
              -34.8450326,
              -8.006481
            ],
            [
              -34.8449803,
              -8.0065779
            ],
            [
              -34.8448874,
              -8.0067688
            ],
            [
              -34.8448301,
              -8.0068867
            ],
            [
              -34.8447208,
              -8.0071397
            ],
            [
              -34.8446129,
              -8.0074239
            ],
            [
              -34.8445961,
              -8.007548
            ],
            [
              -34.8445833,
              -8.0076629
            ],
            [
              -34.8445813,
              -8.0077858
            ],
            [
              -34.8445854,
              -8.0079438
            ],
            [
              -34.8445968,
              -8.008068
            ],
            [
              -34.8446448,
              -8.0086945
            ],
            [
              -34.8446434,
              -8.0090852
            ],
            [
              -34.844643,
              -8.0091928
            ],
            [
              -34.84458,
              -8.0098801
            ],
            [
              -34.8445103,
              -8.0103455
            ],
            [
              -34.8444754,
              -8.0105812
            ],
            [
              -34.8444472,
              -8.0108488
            ],
            [
              -34.8444321,
              -8.0110075
            ],
            [
              -34.8444244,
              -8.011147
            ],
            [
              -34.8444258,
              -8.0113004
            ],
            [
              -34.8444332,
              -8.0115102
            ],
            [
              -34.8444801,
              -8.0118004
            ],
            [
              -34.8445504,
              -8.0120387
            ],
            [
              -34.8446581,
              -8.0123166
            ],
            [
              -34.8448267,
              -8.0127366
            ],
            [
              -34.8449374,
              -8.0126613
            ],
            [
              -34.8450159,
              -8.0126065
            ],
            [
              -34.8450903,
              -8.0125517
            ],
            [
              -34.8452013,
              -8.0124657
            ],
            [
              -34.8452851,
              -8.0126178
            ],
            [
              -34.8453072,
              -8.0126569
            ],
            [
              -34.8453297,
              -8.0126888
            ],
            [
              -34.8453409,
              -8.0127021
            ],
            [
              -34.8453605,
              -8.0127173
            ],
            [
              -34.8453759,
              -8.0127265
            ],
            [
              -34.8453894,
              -8.0127335
            ],
            [
              -34.8454286,
              -8.0127469
            ],
            [
              -34.8455181,
              -8.0127854
            ],
            [
              -34.8455925,
              -8.012803
            ],
            [
              -34.8457467,
              -8.0128342
            ],
            [
              -34.8458792,
              -8.0128359
            ],
            [
              -34.8459499,
              -8.0128391
            ],
            [
              -34.8459895,
              -8.0128482
            ],
            [
              -34.846017,
              -8.0128588
            ],
            [
              -34.8461059,
              -8.0129056
            ],
            [
              -34.846184,
              -8.0128867
            ],
            [
              -34.8462353,
              -8.0128893
            ],
            [
              -34.8462986,
              -8.0128877
            ],
            [
              -34.8464307,
              -8.012895
            ],
            [
              -34.8464763,
              -8.0128927
            ],
            [
              -34.8465165,
              -8.0128707
            ],
            [
              -34.8465302,
              -8.0128516
            ],
            [
              -34.8465846,
              -8.0128108
            ],
            [
              -34.8464347,
              -8.0124079
            ],
            [
              -34.8463831,
              -8.01222
            ],
            [
              -34.846646,
              -8.0120766
            ],
            [
              -34.8467593,
              -8.0120042
            ],
            [
              -34.8468188,
              -8.0119715
            ],
            [
              -34.8468458,
              -8.0119524
            ],
            [
              -34.8468649,
              -8.0119325
            ],
            [
              -34.8468773,
              -8.0119006
            ],
            [
              -34.8468773,
              -8.0118684
            ],
            [
              -34.8468656,
              -8.0118302
            ],
            [
              -34.8468446,
              -8.0117738
            ],
            [
              -34.8468354,
              -8.0117446
            ],
            [
              -34.84683,
              -8.0116984
            ],
            [
              -34.846832,
              -8.0116642
            ],
            [
              -34.8468347,
              -8.0116393
            ],
            [
              -34.8468367,
              -8.0116239
            ],
            [
              -34.8468421,
              -8.0116101
            ],
            [
              -34.8468572,
              -8.0115925
            ],
            [
              -34.8469048,
              -8.0115607
            ],
            [
              -34.8469719,
              -8.0115265
            ],
            [
              -34.8469886,
              -8.0115132
            ],
            [
              -34.8469992,
              -8.0115026
            ],
            [
              -34.8470158,
              -8.0114777
            ],
            [
              -34.84702,
              -8.0114621
            ],
            [
              -34.8470221,
              -8.0114484
            ],
            [
              -34.8470218,
              -8.0114197
            ],
            [
              -34.8470178,
              -8.011382
            ],
            [
              -34.8470101,
              -8.0112406
            ],
            [
              -34.8470054,
              -8.0111403
            ],
            [
              -34.8474486,
              -8.0108681
            ],
            [
              -34.8474775,
              -8.010888
            ],
            [
              -34.8474889,
              -8.0108913
            ],
            [
              -34.8475026,
              -8.0108924
            ],
            [
              -34.8475257,
              -8.01089
            ],
            [
              -34.8475445,
              -8.0108848
            ],
            [
              -34.8475732,
              -8.0108749
            ],
            [
              -34.8476619,
              -8.0108409
            ],
            [
              -34.8477728,
              -8.0107894
            ],
            [
              -34.8479334,
              -8.0106984
            ],
            [
              -34.8480501,
              -8.0106237
            ],
            [
              -34.8481473,
              -8.0107439
            ],
            [
              -34.8485711,
              -8.0106749
            ],
            [
              -34.8488393,
              -8.0105872
            ],
            [
              -34.8489949,
              -8.0104916
            ],
            [
              -34.8490915,
              -8.0103322
            ],
            [
              -34.8492497,
              -8.0097107
            ],
            [
              -34.8493838,
              -8.0096184
            ],
            [
              -34.8495092,
              -8.0095324
            ],
            [
              -34.8495527,
              -8.0094999
            ],
            [
              -34.8496088,
              -8.0094581
            ],
            [
              -34.8497087,
              -8.0093721
            ],
            [
              -34.8498382,
              -8.0092582
            ],
            [
              -34.8498631,
              -8.0092321
            ],
            [
              -34.8498733,
              -8.009218
            ],
            [
              -34.8498758,
              -8.0091991
            ]
          ]
        ]
      }
    },
    {
      "id": "('relation', 9881997)",
      "type": "Feature",
      "properties": {
        "nome": "CARMO",
        "valor": 61
      },
      "geometry": {
        "type": "MultiPolygon",
        "coordinates": [
          [
            [
              [
                -34.8487402,
                -8.0211529
              ],
              [
                -34.8474528,
                -8.0200507
              ],
              [
                -34.8471577,
                -8.0198063
              ],
              [
                -34.846337,
                -8.0190733
              ],
              [
                -34.8462887,
                -8.0190042
              ],
              [
                -34.8462941,
                -8.0189511
              ],
              [
                -34.8462565,
                -8.018898
              ],
              [
                -34.84616,
                -8.018898
              ],
              [
                -34.8460688,
                -8.0189192
              ],
              [
                -34.8460258,
                -8.0189883
              ],
              [
                -34.8460473,
                -8.0190892
              ],
              [
                -34.8461653,
                -8.0192645
              ],
              [
                -34.8469324,
                -8.0199497
              ],
              [
                -34.8471899,
                -8.0202074
              ],
              [
                -34.8475654,
                -8.0204331
              ],
              [
                -34.8480268,
                -8.0208474
              ],
              [
                -34.8488207,
                -8.0215221
              ],
              [
                -34.8489757,
                -8.0216653
              ],
              [
                -34.8491759,
                -8.0215295
              ],
              [
                -34.8487402,
                -8.0211529
              ]
            ]
          ],
          [
            [
              [
                -34.8471255,
                -8.0187174
              ],
              [
                -34.8471685,
                -8.0186695
              ],
              [
                -34.8471363,
                -8.0185872
              ],
              [
                -34.8466857,
                -8.0182127
              ],
              [
                -34.8462297,
                -8.0177984
              ],
              [
                -34.8461828,
                -8.0176744
              ],
              [
                -34.8460016,
                -8.0176257
              ],
              [
                -34.8458458,
                -8.0174755
              ],
              [
                -34.8456718,
                -8.0173044
              ],
              [
                -34.8452587,
                -8.0169352
              ],
              [
                -34.8444541,
                -8.0162579
              ],
              [
                -34.8435528,
                -8.0154186
              ],
              [
                -34.8434509,
                -8.0153389
              ],
              [
                -34.8433597,
                -8.0153283
              ],
              [
                -34.8433061,
                -8.0153761
              ],
              [
                -34.8433329,
                -8.0154824
              ],
              [
                -34.8435153,
                -8.0156683
              ],
              [
                -34.8439015,
                -8.0160321
              ],
              [
                -34.8443092,
                -8.0164863
              ],
              [
                -34.8448188,
                -8.0169325
              ],
              [
                -34.8452909,
                -8.0172858
              ],
              [
                -34.8457523,
                -8.0176443
              ],
              [
                -34.8461707,
                -8.0180215
              ],
              [
                -34.846573,
                -8.0184518
              ],
              [
                -34.8469378,
                -8.0187014
              ],
              [
                -34.8470397,
                -8.0187227
              ],
              [
                -34.8471255,
                -8.0187174
              ]
            ]
          ],
          [
            [
              [
                -34.8533901,
                -8.0151848
              ],
              [
                -34.8530309,
                -8.0145965
              ],
              [
                -34.8529258,
                -8.0141925
              ],
              [
                -34.8528779,
                -8.0140177
              ],
              [
                -34.8525676,
                -8.0141301
              ],
              [
                -34.8523742,
                -8.0136204
              ],
              [
                -34.8523301,
                -8.013514
              ],
              [
                -34.8521788,
                -8.0132696
              ],
              [
                -34.8521634,
                -8.0132433
              ],
              [
                -34.8521134,
                -8.0131611
              ],
              [
                -34.8520748,
                -8.0131017
              ],
              [
                -34.8520604,
                -8.0130839
              ],
              [
                -34.8519795,
                -8.0129859
              ],
              [
                -34.8519616,
                -8.0129624
              ],
              [
                -34.8519256,
                -8.0129271
              ],
              [
                -34.8517914,
                -8.012816
              ],
              [
                -34.851763,
                -8.0127949
              ],
              [
                -34.8517314,
                -8.0127768
              ],
              [
                -34.8516935,
                -8.0127638
              ],
              [
                -34.8516369,
                -8.0127443
              ],
              [
                -34.8515662,
                -8.0127394
              ],
              [
                -34.8514089,
                -8.0127798
              ],
              [
                -34.8512502,
                -8.0128442
              ],
              [
                -34.8511977,
                -8.0128696
              ],
              [
                -34.8510329,
                -8.0129756
              ],
              [
                -34.8508939,
                -8.0130651
              ],
              [
                -34.8508211,
                -8.0131108
              ],
              [
                -34.8501686,
                -8.0135177
              ],
              [
                -34.8498079,
                -8.013675
              ],
              [
                -34.8495351,
                -8.0137393
              ],
              [
                -34.8491102,
                -8.0136875
              ],
              [
                -34.8489594,
                -8.0136576
              ],
              [
                -34.8488353,
                -8.0136211
              ],
              [
                -34.8485014,
                -8.0134568
              ],
              [
                -34.848434,
                -8.0134308
              ],
              [
                -34.8483321,
                -8.0133996
              ],
              [
                -34.8481906,
                -8.0133714
              ],
              [
                -34.8480491,
                -8.0133422
              ],
              [
                -34.8478379,
                -8.0133126
              ],
              [
                -34.8476632,
                -8.0132904
              ],
              [
                -34.8476109,
                -8.0132778
              ],
              [
                -34.8475076,
                -8.0132532
              ],
              [
                -34.8472086,
                -8.013131
              ],
              [
                -34.8467268,
                -8.0129259
              ],
              [
                -34.8466808,
                -8.012899
              ],
              [
                -34.8466552,
                -8.0128839
              ],
              [
                -34.8466282,
                -8.0128624
              ],
              [
                -34.8466101,
                -8.0128468
              ],
              [
                -34.8465988,
                -8.0128389
              ],
              [
                -34.8465895,
                -8.0128198
              ],
              [
                -34.8465846,
                -8.0128108
              ],
              [
                -34.8465302,
                -8.0128516
              ],
              [
                -34.8465165,
                -8.0128707
              ],
              [
                -34.8464763,
                -8.0128927
              ],
              [
                -34.8464307,
                -8.012895
              ],
              [
                -34.8462986,
                -8.0128877
              ],
              [
                -34.8462353,
                -8.0128893
              ],
              [
                -34.846184,
                -8.0128867
              ],
              [
                -34.8461059,
                -8.0129056
              ],
              [
                -34.846017,
                -8.0128588
              ],
              [
                -34.8459895,
                -8.0128482
              ],
              [
                -34.8459499,
                -8.0128391
              ],
              [
                -34.8458792,
                -8.0128359
              ],
              [
                -34.8457467,
                -8.0128342
              ],
              [
                -34.8455925,
                -8.012803
              ],
              [
                -34.8455181,
                -8.0127854
              ],
              [
                -34.8454286,
                -8.0127469
              ],
              [
                -34.8453894,
                -8.0127335
              ],
              [
                -34.8453759,
                -8.0127265
              ],
              [
                -34.8453605,
                -8.0127173
              ],
              [
                -34.8453409,
                -8.0127021
              ],
              [
                -34.8453297,
                -8.0126888
              ],
              [
                -34.8453072,
                -8.0126569
              ],
              [
                -34.8452851,
                -8.0126178
              ],
              [
                -34.8452013,
                -8.0124657
              ],
              [
                -34.8450903,
                -8.0125517
              ],
              [
                -34.8450159,
                -8.0126065
              ],
              [
                -34.8449374,
                -8.0126613
              ],
              [
                -34.8448267,
                -8.0127366
              ],
              [
                -34.8446581,
                -8.0123166
              ],
              [
                -34.8445504,
                -8.0120387
              ],
              [
                -34.8438558,
                -8.0127751
              ],
              [
                -34.8436231,
                -8.0130122
              ],
              [
                -34.8433217,
                -8.0133206
              ],
              [
                -34.8431947,
                -8.0134098
              ],
              [
                -34.84323,
                -8.0134633
              ],
              [
                -34.8436035,
                -8.0136802
              ],
              [
                -34.8437748,
                -8.0138445
              ],
              [
                -34.843836,
                -8.0139825
              ],
              [
                -34.8438535,
                -8.014022
              ],
              [
                -34.8440981,
                -8.0140074
              ],
              [
                -34.8443265,
                -8.0141338
              ],
              [
                -34.8444241,
                -8.0143127
              ],
              [
                -34.8445727,
                -8.014489
              ],
              [
                -34.8449598,
                -8.0148532
              ],
              [
                -34.8452612,
                -8.0151099
              ],
              [
                -34.8455708,
                -8.0154951
              ],
              [
                -34.8461268,
                -8.0160756
              ],
              [
                -34.8462104,
                -8.0161657
              ],
              [
                -34.8464187,
                -8.0165628
              ],
              [
                -34.846396,
                -8.0167512
              ],
              [
                -34.8462324,
                -8.0169309
              ],
              [
                -34.8463021,
                -8.0170691
              ],
              [
                -34.8463317,
                -8.0171202
              ],
              [
                -34.8464173,
                -8.0169909
              ],
              [
                -34.8465219,
                -8.0169019
              ],
              [
                -34.8466547,
                -8.0168421
              ],
              [
                -34.8467673,
                -8.0168435
              ],
              [
                -34.8468518,
                -8.016882
              ],
              [
                -34.8469188,
                -8.0169684
              ],
              [
                -34.8471459,
                -8.0172055
              ],
              [
                -34.8475212,
                -8.0176427
              ],
              [
                -34.8478245,
                -8.0180619
              ],
              [
                -34.8483342,
                -8.018664
              ],
              [
                -34.8487957,
                -8.0192821
              ],
              [
                -34.8491724,
                -8.0197824
              ],
              [
                -34.8492051,
                -8.0198395
              ],
              [
                -34.8492279,
                -8.019913
              ],
              [
                -34.8492484,
                -8.0199934
              ],
              [
                -34.8493542,
                -8.0201716
              ],
              [
                -34.8493625,
                -8.0203454
              ],
              [
                -34.8494167,
                -8.0204516
              ],
              [
                -34.8495689,
                -8.0205031
              ],
              [
                -34.8497099,
                -8.020559
              ],
              [
                -34.8498423,
                -8.020674
              ],
              [
                -34.8500295,
                -8.0208071
              ],
              [
                -34.8500465,
                -8.0209591
              ],
              [
                -34.8501183,
                -8.0208841
              ],
              [
                -34.8504245,
                -8.0206814
              ],
              [
                -34.8508558,
                -8.0202794
              ],
              [
                -34.8508792,
                -8.0202551
              ],
              [
                -34.8498921,
                -8.0193667
              ],
              [
                -34.8499173,
                -8.0193399
              ],
              [
                -34.8504908,
                -8.0187805
              ],
              [
                -34.8507467,
                -8.0184887
              ],
              [
                -34.8509799,
                -8.0182541
              ],
              [
                -34.85102,
                -8.0182804
              ],
              [
                -34.8511568,
                -8.0183242
              ],
              [
                -34.8513526,
                -8.0183136
              ],
              [
                -34.8520115,
                -8.0182156
              ],
              [
                -34.8519706,
                -8.0181239
              ],
              [
                -34.8522374,
                -8.0181046
              ],
              [
                -34.8522619,
                -8.0178828
              ],
              [
                -34.852342,
                -8.017105
              ],
              [
                -34.8529544,
                -8.0166495
              ],
              [
                -34.8531619,
                -8.0164321
              ],
              [
                -34.8533054,
                -8.0162278
              ],
              [
                -34.8533741,
                -8.016078
              ],
              [
                -34.8534427,
                -8.0159105
              ],
              [
                -34.8534792,
                -8.0157443
              ],
              [
                -34.8534658,
                -8.015451
              ],
              [
                -34.8533901,
                -8.0151848
              ]
            ]
          ]
        ]
      }
    },
    {
      "id": "('relation', 10216612)",
      "type": "Feature",
      "properties": {
        "nome": "CASA CAIADA",
        "valor": 33
      },
      "geometry": {
        "type": "MultiPolygon",
        "coordinates": [
          [
            [
              [
                -34.8356618,
                -7.9960452
              ],
              [
                -34.8357208,
                -7.9959762
              ],
              [
                -34.8357369,
                -7.9958699
              ],
              [
                -34.8356832,
                -7.9958115
              ],
              [
                -34.8356135,
                -7.9956575
              ],
              [
                -34.8354901,
                -7.9950731
              ],
              [
                -34.835533,
                -7.994935
              ],
              [
                -34.8353989,
                -7.9948075
              ],
              [
                -34.8353787,
                -7.9946935
              ],
              [
                -34.8354488,
                -7.9945606
              ],
              [
                -34.8355507,
                -7.9944703
              ],
              [
                -34.8356687,
                -7.9944225
              ],
              [
                -34.8357331,
                -7.9943428
              ],
              [
                -34.8359691,
                -7.9942206
              ],
              [
                -34.8360013,
                -7.9941463
              ],
              [
                -34.835894,
                -7.9939285
              ],
              [
                -34.8356687,
                -7.9936097
              ],
              [
                -34.8355614,
                -7.9935513
              ],
              [
                -34.8352986,
                -7.9934663
              ],
              [
                -34.8351537,
                -7.993376
              ],
              [
                -34.8351591,
                -7.9932963
              ],
              [
                -34.8351215,
                -7.9932219
              ],
              [
                -34.8350603,
                -7.9931913
              ],
              [
                -34.8349805,
                -7.9928233
              ],
              [
                -34.8348625,
                -7.9921752
              ],
              [
                -34.8348571,
                -7.9919813
              ],
              [
                -34.8347767,
                -7.9918193
              ],
              [
                -34.8346586,
                -7.9912323
              ],
              [
                -34.8346586,
                -7.991065
              ],
              [
                -34.8346104,
                -7.9909826
              ],
              [
                -34.8345299,
                -7.9908923
              ],
              [
                -34.8344655,
                -7.9909136
              ],
              [
                -34.8344387,
                -7.9910039
              ],
              [
                -34.8344333,
                -7.9911632
              ],
              [
                -34.8344923,
                -7.9914289
              ],
              [
                -34.835002,
                -7.9939947
              ],
              [
                -34.8352648,
                -7.9951528
              ],
              [
                -34.8354687,
                -7.9959762
              ],
              [
                -34.8355599,
                -7.9960931
              ],
              [
                -34.8356618,
                -7.9960452
              ]
            ]
          ],
          [
            [
              [
                -34.8356028,
                -7.9907701
              ],
              [
                -34.8354794,
                -7.9903505
              ],
              [
                -34.8354311,
                -7.9901459
              ],
              [
                -34.8354311,
                -7.9899945
              ],
              [
                -34.8353775,
                -7.9898856
              ],
              [
                -34.8350824,
                -7.9888311
              ],
              [
                -34.8350985,
                -7.9886452
              ],
              [
                -34.835002,
                -7.9885097
              ],
              [
                -34.8349108,
                -7.9881724
              ],
              [
                -34.8347713,
                -7.9873968
              ],
              [
                -34.8346479,
                -7.9872268
              ],
              [
                -34.8346104,
                -7.9869559
              ],
              [
                -34.8345084,
                -7.986746
              ],
              [
                -34.8344763,
                -7.9865123
              ],
              [
                -34.8344172,
                -7.9862785
              ],
              [
                -34.8341276,
                -7.9853834
              ],
              [
                -34.8341383,
                -7.9851975
              ],
              [
                -34.8340203,
                -7.98507
              ],
              [
                -34.8339237,
                -7.9847725
              ],
              [
                -34.8338593,
                -7.9844909
              ],
              [
                -34.8338593,
                -7.9843793
              ],
              [
                -34.8337521,
                -7.9841987
              ],
              [
                -34.8335804,
                -7.9835612
              ],
              [
                -34.8335804,
                -7.9834656
              ],
              [
                -34.8335321,
                -7.98337
              ],
              [
                -34.8334463,
                -7.9833116
              ],
              [
                -34.8333712,
                -7.9833062
              ],
              [
                -34.8333229,
                -7.9834045
              ],
              [
                -34.8333444,
                -7.9836223
              ],
              [
                -34.8336448,
                -7.9846237
              ],
              [
                -34.8340256,
                -7.9860634
              ],
              [
                -34.8342509,
                -7.9867938
              ],
              [
                -34.8345996,
                -7.9878244
              ],
              [
                -34.8348142,
                -7.9886744
              ],
              [
                -34.8350824,
                -7.98962
              ],
              [
                -34.835179,
                -7.9901725
              ],
              [
                -34.8354097,
                -7.9908419
              ],
              [
                -34.8355062,
                -7.9909295
              ],
              [
                -34.8355706,
                -7.9909295
              ],
              [
                -34.8356028,
                -7.9908498
              ],
              [
                -34.8356028,
                -7.9907701
              ]
            ]
          ],
          [
            [
              [
                -34.8449738,
                -7.9928467
              ],
              [
                -34.8450221,
                -7.9926634
              ],
              [
                -34.845057,
                -7.9924562
              ],
              [
                -34.8450543,
                -7.9921508
              ],
              [
                -34.8450597,
                -7.9919091
              ],
              [
                -34.8450489,
                -7.9916753
              ],
              [
                -34.8450704,
                -7.9915319
              ],
              [
                -34.8450865,
                -7.9912503
              ],
              [
                -34.8451106,
                -7.9910272
              ],
              [
                -34.845116,
                -7.9908068
              ],
              [
                -34.8450587,
                -7.9906478
              ],
              [
                -34.8450583,
                -7.99041
              ],
              [
                -34.8450672,
                -7.9901626
              ],
              [
                -34.8450781,
                -7.9898989
              ],
              [
                -34.845147,
                -7.9896194
              ],
              [
                -34.8451792,
                -7.9894549
              ],
              [
                -34.8452813,
                -7.9891056
              ],
              [
                -34.8453467,
                -7.988876
              ],
              [
                -34.845452,
                -7.9885626
              ],
              [
                -34.845519,
                -7.9882912
              ],
              [
                -34.8455767,
                -7.9880729
              ],
              [
                -34.8456115,
                -7.9879479
              ],
              [
                -34.8455796,
                -7.9876854
              ],
              [
                -34.8455611,
                -7.9875782
              ],
              [
                -34.8454856,
                -7.9874669
              ],
              [
                -34.8448362,
                -7.9867252
              ],
              [
                -34.8445937,
                -7.9863994
              ],
              [
                -34.8442882,
                -7.9859623
              ],
              [
                -34.8440999,
                -7.9856969
              ],
              [
                -34.8436922,
                -7.9850885
              ],
              [
                -34.8429948,
                -7.9838746
              ],
              [
                -34.8426363,
                -7.9832564
              ],
              [
                -34.8425207,
                -7.9830348
              ],
              [
                -34.8422798,
                -7.9829353
              ],
              [
                -34.8410418,
                -7.9821909
              ],
              [
                -34.8386984,
                -7.9812386
              ],
              [
                -34.837929,
                -7.9807898
              ],
              [
                -34.8375927,
                -7.9803209
              ],
              [
                -34.8374262,
                -7.9797868
              ],
              [
                -34.8372185,
                -7.9789403
              ],
              [
                -34.8368804,
                -7.9781516
              ],
              [
                -34.8364612,
                -7.9783672
              ],
              [
                -34.8362493,
                -7.9784546
              ],
              [
                -34.8359386,
                -7.9784791
              ],
              [
                -34.8358783,
                -7.9783312
              ],
              [
                -34.8358156,
                -7.9781982
              ],
              [
                -34.8357951,
                -7.9781667
              ],
              [
                -34.8357535,
                -7.9781438
              ],
              [
                -34.8357062,
                -7.9781331
              ],
              [
                -34.8356248,
                -7.9781471
              ],
              [
                -34.8352023,
                -7.9782494
              ],
              [
                -34.8352385,
                -7.9784094
              ],
              [
                -34.8344989,
                -7.9786963
              ],
              [
                -34.8342703,
                -7.9787594
              ],
              [
                -34.8343698,
                -7.979218
              ],
              [
                -34.8344414,
                -7.979752
              ],
              [
                -34.8345333,
                -7.9802624
              ],
              [
                -34.8346581,
                -7.9806817
              ],
              [
                -34.835065,
                -7.9815865
              ],
              [
                -34.8355022,
                -7.9824156
              ],
              [
                -34.8356474,
                -7.9829113
              ],
              [
                -34.8358615,
                -7.9837658
              ],
              [
                -34.8360558,
                -7.9841331
              ],
              [
                -34.8363818,
                -7.9847373
              ],
              [
                -34.8369919,
                -7.9853647
              ],
              [
                -34.8374604,
                -7.9862758
              ],
              [
                -34.8377209,
                -7.9870166
              ],
              [
                -34.837871,
                -7.9877839
              ],
              [
                -34.8380034,
                -7.9882111
              ],
              [
                -34.8381482,
                -7.9886778
              ],
              [
                -34.8383702,
                -7.9896903
              ],
              [
                -34.8383965,
                -7.9898652
              ],
              [
                -34.8385674,
                -7.9910028
              ],
              [
                -34.8385316,
                -7.9923083
              ],
              [
                -34.8383977,
                -7.9930903
              ],
              [
                -34.8378146,
                -7.9940719
              ],
              [
                -34.8375037,
                -7.9945482
              ],
              [
                -34.8373276,
                -7.9950723
              ],
              [
                -34.8372096,
                -7.9955043
              ],
              [
                -34.8371958,
                -7.9955302
              ],
              [
                -34.8375113,
                -7.9954773
              ],
              [
                -34.8375399,
                -7.9955149
              ],
              [
                -34.8385799,
                -7.9953253
              ],
              [
                -34.8393737,
                -7.9951122
              ],
              [
                -34.8400685,
                -7.9949083
              ],
              [
                -34.8407096,
                -7.9947237
              ],
              [
                -34.8413533,
                -7.9945498
              ],
              [
                -34.8420332,
                -7.9943705
              ],
              [
                -34.8426676,
                -7.9942111
              ],
              [
                -34.8431945,
                -7.9940342
              ],
              [
                -34.8432748,
                -7.9940023
              ],
              [
                -34.8439215,
                -7.9937303
              ],
              [
                -34.8444908,
                -7.9934415
              ],
              [
                -34.8445927,
                -7.9933877
              ],
              [
                -34.844668,
                -7.9933494
              ],
              [
                -34.8449193,
                -7.9932217
              ],
              [
                -34.8449501,
                -7.993208
              ],
              [
                -34.8449775,
                -7.9931648
              ],
              [
                -34.844968,
                -7.9930601
              ],
              [
                -34.8449738,
                -7.9928467
              ]
            ]
          ],
          [
            [
              [
                -34.8343582,
                -7.9831522
              ],
              [
                -34.8343582,
                -7.9830619
              ],
              [
                -34.8343153,
                -7.9829344
              ],
              [
                -34.8341598,
                -7.9826634
              ],
              [
                -34.8339184,
                -7.9819144
              ],
              [
                -34.8334731,
                -7.9807244
              ],
              [
                -34.8330869,
                -7.9796566
              ],
              [
                -34.8329635,
                -7.9791838
              ],
              [
                -34.8327003,
                -7.9792755
              ],
              [
                -34.8333551,
                -7.9810617
              ],
              [
                -34.8341222,
                -7.9830937
              ],
              [
                -34.8342349,
                -7.9832425
              ],
              [
                -34.8342939,
                -7.9832425
              ],
              [
                -34.8343421,
                -7.9832
              ],
              [
                -34.8343582,
                -7.9831522
              ]
            ]
          ]
        ]
      }
    },
    {
      "id": "('relation', 10217992)",
      "type": "Feature",
      "properties": {
        "nome": "BULTRINS",
        "valor": 89
      },
      "geometry": {
        "type": "Polygon",
        "coordinates": [
          [
            [
              -34.8556173,
              -7.9992777
            ],
            [
              -34.8551935,
              -7.9976707
            ],
            [
              -34.8550299,
              -7.9969589
            ],
            [
              -34.8549736,
              -7.9966109
            ],
            [
              -34.8549387,
              -7.9962656
            ],
            [
              -34.8549333,
              -7.9951766
            ],
            [
              -34.8547962,
              -7.9951704
            ],
            [
              -34.8547429,
              -7.9951711
            ],
            [
              -34.8545227,
              -7.9951741
            ],
            [
              -34.8541313,
              -7.9951407
            ],
            [
              -34.8537166,
              -7.995154
            ],
            [
              -34.8536415,
              -7.9951523
            ],
            [
              -34.8534771,
              -7.995166
            ],
            [
              -34.8533647,
              -7.9951869
            ],
            [
              -34.8529765,
              -7.9952627
            ],
            [
              -34.8529376,
              -7.9952749
            ],
            [
              -34.8527091,
              -7.9953413
            ],
            [
              -34.8525528,
              -7.9954011
            ],
            [
              -34.8523343,
              -7.9955301
            ],
            [
              -34.852285,
              -7.9955607
            ],
            [
              -34.8519496,
              -7.9957689
            ],
            [
              -34.8518134,
              -7.9958595
            ],
            [
              -34.8517157,
              -7.9959193
            ],
            [
              -34.8515841,
              -7.9960053
            ],
            [
              -34.8511054,
              -7.9963063
            ],
            [
              -34.8508789,
              -7.9964315
            ],
            [
              -34.8506116,
              -7.9965918
            ],
            [
              -34.8504031,
              -7.9967253
            ],
            [
              -34.8501402,
              -7.9968794
            ],
            [
              -34.8492551,
              -7.9973681
            ],
            [
              -34.849153,
              -7.9974262
            ],
            [
              -34.8493487,
              -7.9977404
            ],
            [
              -34.8494261,
              -7.9978659
            ],
            [
              -34.8491411,
              -7.9979908
            ],
            [
              -34.8484953,
              -7.9983135
            ],
            [
              -34.8481849,
              -7.9984503
            ],
            [
              -34.8477732,
              -7.9986508
            ],
            [
              -34.8472635,
              -7.9988806
            ],
            [
              -34.8472019,
              -7.9989085
            ],
            [
              -34.8467093,
              -7.9991283
            ],
            [
              -34.8466805,
              -7.9991419
            ],
            [
              -34.8465568,
              -7.999197
            ],
            [
              -34.8465333,
              -7.999207
            ],
            [
              -34.8460933,
              -7.999395
            ],
            [
              -34.8459265,
              -7.9994656
            ],
            [
              -34.8460865,
              -7.9997355
            ],
            [
              -34.8461571,
              -7.9998547
            ],
            [
              -34.8462936,
              -8.0000851
            ],
            [
              -34.8463395,
              -8.0001351
            ],
            [
              -34.8463633,
              -8.0001645
            ],
            [
              -34.8464146,
              -8.0002378
            ],
            [
              -34.8464559,
              -8.0003056
            ],
            [
              -34.846538,
              -8.0004444
            ],
            [
              -34.846586,
              -8.0005413
            ],
            [
              -34.8466403,
              -8.0006595
            ],
            [
              -34.8466436,
              -8.0007408
            ],
            [
              -34.8466433,
              -8.0009304
            ],
            [
              -34.8466359,
              -8.0010825
            ],
            [
              -34.8466309,
              -8.0011313
            ],
            [
              -34.8466238,
              -8.001204
            ],
            [
              -34.8466034,
              -8.0013571
            ],
            [
              -34.8465963,
              -8.0014049
            ],
            [
              -34.8465873,
              -8.0014643
            ],
            [
              -34.8465756,
              -8.00153
            ],
            [
              -34.8465588,
              -8.001629
            ],
            [
              -34.8465588,
              -8.0017724
            ],
            [
              -34.8465575,
              -8.0019816
            ],
            [
              -34.8465474,
              -8.0022844
            ],
            [
              -34.8465561,
              -8.0029132
            ],
            [
              -34.8465769,
              -8.0031403
            ],
            [
              -34.846588,
              -8.0032807
            ],
            [
              -34.8465943,
              -8.0034557
            ],
            [
              -34.8465732,
              -8.0035835
            ],
            [
              -34.8465594,
              -8.0036609
            ],
            [
              -34.8465367,
              -8.0037372
            ],
            [
              -34.8464048,
              -8.0040821
            ],
            [
              -34.8463937,
              -8.0041111
            ],
            [
              -34.8466721,
              -8.004554
            ],
            [
              -34.8467056,
              -8.0046081
            ],
            [
              -34.8468555,
              -8.0048591
            ],
            [
              -34.8471425,
              -8.0046705
            ],
            [
              -34.8474225,
              -8.0044517
            ],
            [
              -34.8474575,
              -8.0044272
            ],
            [
              -34.8481285,
              -8.0039577
            ],
            [
              -34.8486272,
              -8.0035835
            ],
            [
              -34.8491558,
              -8.0032286
            ],
            [
              -34.8494254,
              -8.0030148
            ],
            [
              -34.8495569,
              -8.0028921
            ],
            [
              -34.8491793,
              -8.0026971
            ],
            [
              -34.8491424,
              -8.0026635
            ],
            [
              -34.849118,
              -8.0026413
            ],
            [
              -34.8490952,
              -8.0026018
            ],
            [
              -34.849011,
              -8.00238
            ],
            [
              -34.848903,
              -8.001889
            ],
            [
              -34.8488901,
              -8.0018327
            ],
            [
              -34.8488487,
              -8.0015457
            ],
            [
              -34.8487848,
              -8.0012397
            ],
            [
              -34.8487433,
              -8.0010278
            ],
            [
              -34.8486677,
              -8.000724
            ],
            [
              -34.8488789,
              -8.0006608
            ],
            [
              -34.8494448,
              -8.0005135
            ],
            [
              -34.8495775,
              -8.000467
            ],
            [
              -34.8497934,
              -8.0003913
            ],
            [
              -34.8501029,
              -8.0002401
            ],
            [
              -34.8506116,
              -7.9999882
            ],
            [
              -34.8510978,
              -7.9997651
            ],
            [
              -34.8515323,
              -7.9995479
            ],
            [
              -34.8519869,
              -7.9993334
            ],
            [
              -34.8524729,
              -7.9990972
            ],
            [
              -34.8529885,
              -7.9988374
            ],
            [
              -34.8533295,
              -7.9986531
            ],
            [
              -34.8534051,
              -7.9986063
            ],
            [
              -34.8537803,
              -7.9983753
            ],
            [
              -34.8537708,
              -7.998264
            ],
            [
              -34.8539435,
              -7.9982691
            ],
            [
              -34.8541929,
              -7.9983482
            ],
            [
              -34.8544283,
              -7.9984616
            ],
            [
              -34.8545697,
              -7.9985439
            ],
            [
              -34.8550426,
              -7.9988201
            ],
            [
              -34.855182,
              -7.9989211
            ],
            [
              -34.8556173,
              -7.9992777
            ]
          ]
        ]
      }
    },
    {
      "id": "('relation', 10217994)",
      "type": "Feature",
      "properties": {
        "nome": "GUADALUPE",
        "valor": 70
      },
      "geometry": {
        "type": "Polygon",
        "coordinates": [
          [
            [
              -34.8578367,
              -8.0075479
            ],
            [
              -34.8576894,
              -8.0070488
            ],
            [
              -34.8576644,
              -8.0069641
            ],
            [
              -34.8575062,
              -8.0064888
            ],
            [
              -34.8570843,
              -8.0047763
            ],
            [
              -34.8570062,
              -8.0044544
            ],
            [
              -34.8566814,
              -8.0031153
            ],
            [
              -34.8566711,
              -8.0030728
            ],
            [
              -34.8566522,
              -8.002989
            ],
            [
              -34.8566279,
              -8.0028968
            ],
            [
              -34.8565145,
              -8.0024318
            ],
            [
              -34.8562435,
              -8.0025125
            ],
            [
              -34.8561893,
              -8.0025309
            ],
            [
              -34.8556424,
              -8.0027166
            ],
            [
              -34.855164,
              -8.0028398
            ],
            [
              -34.8547111,
              -8.0029887
            ],
            [
              -34.8538946,
              -8.0031444
            ],
            [
              -34.8539296,
              -8.0033781
            ],
            [
              -34.8539564,
              -8.0036756
            ],
            [
              -34.8539369,
              -8.0038339
            ],
            [
              -34.8539121,
              -8.0039584
            ],
            [
              -34.8538785,
              -8.0040354
            ],
            [
              -34.8542554,
              -8.0041018
            ],
            [
              -34.8544059,
              -8.0041307
            ],
            [
              -34.8546165,
              -8.0042074
            ],
            [
              -34.8547737,
              -8.004293
            ],
            [
              -34.8546276,
              -8.0044995
            ],
            [
              -34.8545022,
              -8.0046894
            ],
            [
              -34.8543935,
              -8.0048189
            ],
            [
              -34.8543003,
              -8.0049385
            ],
            [
              -34.8542359,
              -8.005058
            ],
            [
              -34.8542185,
              -8.0051675
            ],
            [
              -34.8542279,
              -8.0052891
            ],
            [
              -34.8542463,
              -8.0053548
            ],
            [
              -34.8543479,
              -8.0054889
            ],
            [
              -34.8539288,
              -8.0054836
            ],
            [
              -34.8534373,
              -8.0054989
            ],
            [
              -34.8534554,
              -8.0056994
            ],
            [
              -34.8534752,
              -8.0058528
            ],
            [
              -34.8535097,
              -8.0059849
            ],
            [
              -34.8535758,
              -8.0061646
            ],
            [
              -34.8536522,
              -8.006302
            ],
            [
              -34.8536968,
              -8.0063877
            ],
            [
              -34.8539755,
              -8.0069856
            ],
            [
              -34.8540877,
              -8.0072201
            ],
            [
              -34.8542427,
              -8.0075401
            ],
            [
              -34.8542909,
              -8.0076058
            ],
            [
              -34.8543593,
              -8.0076662
            ],
            [
              -34.8544488,
              -8.007726
            ],
            [
              -34.855233,
              -8.0081072
            ],
            [
              -34.8553383,
              -8.0079338
            ],
            [
              -34.8557903,
              -8.0081011
            ],
            [
              -34.855689,
              -8.0083867
            ],
            [
              -34.8555831,
              -8.0085992
            ],
            [
              -34.8553659,
              -8.0090466
            ],
            [
              -34.8552582,
              -8.0092685
            ],
            [
              -34.8549907,
              -8.009821
            ],
            [
              -34.8547137,
              -8.0102326
            ],
            [
              -34.8546074,
              -8.0104823
            ],
            [
              -34.8545363,
              -8.0106145
            ],
            [
              -34.8541863,
              -8.011064
            ],
            [
              -34.8540837,
              -8.0112234
            ],
            [
              -34.8542817,
              -8.0111484
            ],
            [
              -34.8545109,
              -8.0110607
            ],
            [
              -34.8553484,
              -8.010801
            ],
            [
              -34.8555663,
              -8.0106842
            ],
            [
              -34.8557165,
              -8.0105857
            ],
            [
              -34.8558172,
              -8.0102681
            ],
            [
              -34.8558882,
              -8.0100693
            ],
            [
              -34.855956,
              -8.0097942
            ],
            [
              -34.8559948,
              -8.009645
            ],
            [
              -34.8561524,
              -8.0097164
            ],
            [
              -34.8564042,
              -8.0098291
            ],
            [
              -34.8567025,
              -8.0099598
            ],
            [
              -34.8570629,
              -8.0101241
            ],
            [
              -34.8572607,
              -8.0095624
            ],
            [
              -34.8574539,
              -8.0089702
            ],
            [
              -34.8574648,
              -8.0089327
            ],
            [
              -34.8574754,
              -8.0088962
            ],
            [
              -34.8574771,
              -8.0088903
            ],
            [
              -34.8576149,
              -8.0083389
            ],
            [
              -34.8577623,
              -8.0076295
            ],
            [
              -34.8578367,
              -8.0075479
            ]
          ]
        ]
      }
    },
    {
      "id": "('relation', 10217995)",
      "type": "Feature",
      "properties": {
        "nome": "MONTE",
        "valor": 71
      },
      "geometry": {
        "type": "Polygon",
        "coordinates": [
          [
            [
              -34.8547737,
              -8.004293
            ],
            [
              -34.8546165,
              -8.0042074
            ],
            [
              -34.8544059,
              -8.0041307
            ],
            [
              -34.8542554,
              -8.0041018
            ],
            [
              -34.8538785,
              -8.0040354
            ],
            [
              -34.8539121,
              -8.0039584
            ],
            [
              -34.8535151,
              -8.0034119
            ],
            [
              -34.8533012,
              -8.0031602
            ],
            [
              -34.8529468,
              -8.0028382
            ],
            [
              -34.8529062,
              -8.0027977
            ],
            [
              -34.852748,
              -8.0026702
            ],
            [
              -34.852583,
              -8.0025433
            ],
            [
              -34.8523677,
              -8.0024012
            ],
            [
              -34.8522447,
              -8.0023087
            ],
            [
              -34.8520258,
              -8.0021184
            ],
            [
              -34.8518515,
              -8.0019278
            ],
            [
              -34.8517636,
              -8.0017824
            ],
            [
              -34.8516268,
              -8.0015672
            ],
            [
              -34.8514223,
              -8.0012013
            ],
            [
              -34.8513311,
              -8.0010174
            ],
            [
              -34.85125,
              -8.000874
            ],
            [
              -34.851079,
              -8.0006509
            ],
            [
              -34.8509824,
              -8.0005645
            ],
            [
              -34.8508932,
              -8.0004683
            ],
            [
              -34.8508168,
              -8.0003793
            ],
            [
              -34.850737,
              -8.0002551
            ],
            [
              -34.8506116,
              -7.9999882
            ],
            [
              -34.8501029,
              -8.0002401
            ],
            [
              -34.8497934,
              -8.0003913
            ],
            [
              -34.8495775,
              -8.000467
            ],
            [
              -34.8494448,
              -8.0005135
            ],
            [
              -34.8488789,
              -8.0006608
            ],
            [
              -34.8486677,
              -8.000724
            ],
            [
              -34.8487433,
              -8.0010278
            ],
            [
              -34.8487848,
              -8.0012397
            ],
            [
              -34.8488487,
              -8.0015457
            ],
            [
              -34.8488901,
              -8.0018327
            ],
            [
              -34.848903,
              -8.001889
            ],
            [
              -34.849011,
              -8.00238
            ],
            [
              -34.8490952,
              -8.0026018
            ],
            [
              -34.849118,
              -8.0026413
            ],
            [
              -34.8491424,
              -8.0026635
            ],
            [
              -34.8491793,
              -8.0026971
            ],
            [
              -34.8495569,
              -8.0028921
            ],
            [
              -34.8494254,
              -8.0030148
            ],
            [
              -34.8491558,
              -8.0032286
            ],
            [
              -34.8486272,
              -8.0035835
            ],
            [
              -34.8481285,
              -8.0039577
            ],
            [
              -34.8474575,
              -8.0044272
            ],
            [
              -34.8474225,
              -8.0044517
            ],
            [
              -34.8471425,
              -8.0046705
            ],
            [
              -34.8468555,
              -8.0048591
            ],
            [
              -34.8469068,
              -8.0049458
            ],
            [
              -34.8471817,
              -8.0053694
            ],
            [
              -34.847285,
              -8.0055354
            ],
            [
              -34.8475769,
              -8.0059057
            ],
            [
              -34.8478389,
              -8.0062379
            ],
            [
              -34.8482077,
              -8.0066629
            ],
            [
              -34.8483767,
              -8.006894
            ],
            [
              -34.8488549,
              -8.0075672
            ],
            [
              -34.8490896,
              -8.0077709
            ],
            [
              -34.8494264,
              -8.0080142
            ],
            [
              -34.8497124,
              -8.0082021
            ],
            [
              -34.8506858,
              -8.0088156
            ],
            [
              -34.8509466,
              -8.0089849
            ],
            [
              -34.8512284,
              -8.0091188
            ],
            [
              -34.8513418,
              -8.0091785
            ],
            [
              -34.8516255,
              -8.009299
            ],
            [
              -34.8519319,
              -8.0092619
            ],
            [
              -34.8524516,
              -8.0091935
            ],
            [
              -34.8528481,
              -8.0089526
            ],
            [
              -34.8533562,
              -8.0089583
            ],
            [
              -34.8534474,
              -8.0089206
            ],
            [
              -34.8536251,
              -8.0088143
            ],
            [
              -34.8538445,
              -8.0086488
            ],
            [
              -34.853722,
              -8.0085505
            ],
            [
              -34.8536626,
              -8.0084866
            ],
            [
              -34.8538458,
              -8.008391
            ],
            [
              -34.8538541,
              -8.008382
            ],
            [
              -34.8538561,
              -8.0083714
            ],
            [
              -34.8538541,
              -8.0083293
            ],
            [
              -34.8539919,
              -8.0081536
            ],
            [
              -34.8540261,
              -8.0080889
            ],
            [
              -34.8541266,
              -8.0080022
            ],
            [
              -34.8542239,
              -8.0079441
            ],
            [
              -34.8543473,
              -8.0078854
            ],
            [
              -34.8544488,
              -8.007726
            ],
            [
              -34.8543593,
              -8.0076662
            ],
            [
              -34.8542909,
              -8.0076058
            ],
            [
              -34.8542427,
              -8.0075401
            ],
            [
              -34.8540877,
              -8.0072201
            ],
            [
              -34.8539755,
              -8.0069856
            ],
            [
              -34.8536968,
              -8.0063877
            ],
            [
              -34.8536522,
              -8.006302
            ],
            [
              -34.8535758,
              -8.0061646
            ],
            [
              -34.8535097,
              -8.0059849
            ],
            [
              -34.8534752,
              -8.0058528
            ],
            [
              -34.8534554,
              -8.0056994
            ],
            [
              -34.8534373,
              -8.0054989
            ],
            [
              -34.8539288,
              -8.0054836
            ],
            [
              -34.8543479,
              -8.0054889
            ],
            [
              -34.8542463,
              -8.0053548
            ],
            [
              -34.8542279,
              -8.0052891
            ],
            [
              -34.8542185,
              -8.0051675
            ],
            [
              -34.8542359,
              -8.005058
            ],
            [
              -34.8543003,
              -8.0049385
            ],
            [
              -34.8543935,
              -8.0048189
            ],
            [
              -34.8545022,
              -8.0046894
            ],
            [
              -34.8546276,
              -8.0044995
            ],
            [
              -34.8547737,
              -8.004293
            ]
          ]
        ]
      }
    },
    {
      "id": "('relation', 10217996)",
      "type": "Feature",
      "properties": {
        "nome": "BONSUCESSO",
        "valor": 48
      },
      "geometry": {
        "type": "Polygon",
        "coordinates": [
          [
            [
              -34.8557903,
              -8.0081011
            ],
            [
              -34.8553383,
              -8.0079338
            ],
            [
              -34.855233,
              -8.0081072
            ],
            [
              -34.8544488,
              -8.007726
            ],
            [
              -34.8543473,
              -8.0078854
            ],
            [
              -34.8542239,
              -8.0079441
            ],
            [
              -34.8541266,
              -8.0080022
            ],
            [
              -34.8540261,
              -8.0080889
            ],
            [
              -34.8539919,
              -8.0081536
            ],
            [
              -34.8538541,
              -8.0083293
            ],
            [
              -34.8538561,
              -8.0083714
            ],
            [
              -34.8538541,
              -8.008382
            ],
            [
              -34.8538458,
              -8.008391
            ],
            [
              -34.8536626,
              -8.0084866
            ],
            [
              -34.853722,
              -8.0085505
            ],
            [
              -34.8538445,
              -8.0086488
            ],
            [
              -34.8536251,
              -8.0088143
            ],
            [
              -34.8534474,
              -8.0089206
            ],
            [
              -34.8533562,
              -8.0089583
            ],
            [
              -34.8528481,
              -8.0089526
            ],
            [
              -34.8524516,
              -8.0091935
            ],
            [
              -34.8519319,
              -8.0092619
            ],
            [
              -34.8516255,
              -8.009299
            ],
            [
              -34.8513418,
              -8.0091785
            ],
            [
              -34.8512284,
              -8.0091188
            ],
            [
              -34.8509466,
              -8.0089849
            ],
            [
              -34.8506858,
              -8.0088156
            ],
            [
              -34.8497124,
              -8.0082021
            ],
            [
              -34.8494264,
              -8.0080142
            ],
            [
              -34.8490896,
              -8.0077709
            ],
            [
              -34.8488549,
              -8.0075672
            ],
            [
              -34.8483767,
              -8.006894
            ],
            [
              -34.8482077,
              -8.0066629
            ],
            [
              -34.8478389,
              -8.0062379
            ],
            [
              -34.8475769,
              -8.0059057
            ],
            [
              -34.847285,
              -8.0055354
            ],
            [
              -34.8471817,
              -8.0053694
            ],
            [
              -34.8469068,
              -8.0049458
            ],
            [
              -34.8468555,
              -8.0048591
            ],
            [
              -34.8467056,
              -8.0046081
            ],
            [
              -34.8466721,
              -8.004554
            ],
            [
              -34.8463937,
              -8.0041111
            ],
            [
              -34.8462604,
              -8.0044365
            ],
            [
              -34.845931,
              -8.0051698
            ],
            [
              -34.8458527,
              -8.0053442
            ],
            [
              -34.8457675,
              -8.0055155
            ],
            [
              -34.8457038,
              -8.0056284
            ],
            [
              -34.8456291,
              -8.0057359
            ],
            [
              -34.8455389,
              -8.0058548
            ],
            [
              -34.8453491,
              -8.0060992
            ],
            [
              -34.845207,
              -8.0062745
            ],
            [
              -34.8450326,
              -8.006481
            ],
            [
              -34.8451094,
              -8.0065201
            ],
            [
              -34.84515,
              -8.0065374
            ],
            [
              -34.8452241,
              -8.006566
            ],
            [
              -34.8453193,
              -8.0065939
            ],
            [
              -34.8453927,
              -8.0066144
            ],
            [
              -34.8454284,
              -8.0066191
            ],
            [
              -34.8454562,
              -8.0066212
            ],
            [
              -34.8455268,
              -8.0066232
            ],
            [
              -34.8457984,
              -8.0066224
            ],
            [
              -34.8462929,
              -8.0066201
            ],
            [
              -34.8464435,
              -8.0066211
            ],
            [
              -34.8470627,
              -8.0066327
            ],
            [
              -34.8471378,
              -8.0066423
            ],
            [
              -34.8472052,
              -8.0066579
            ],
            [
              -34.8472491,
              -8.0066759
            ],
            [
              -34.8472944,
              -8.0066998
            ],
            [
              -34.8473351,
              -8.006726
            ],
            [
              -34.8473695,
              -8.0067532
            ],
            [
              -34.8477906,
              -8.0071437
            ],
            [
              -34.8478469,
              -8.0070862
            ],
            [
              -34.8482714,
              -8.007566
            ],
            [
              -34.8484498,
              -8.0077857
            ],
            [
              -34.8485197,
              -8.0078712
            ],
            [
              -34.8485544,
              -8.007925
            ],
            [
              -34.8486152,
              -8.0080079
            ],
            [
              -34.848783,
              -8.0081567
            ],
            [
              -34.8494371,
              -8.0086333
            ],
            [
              -34.8495602,
              -8.0087625
            ],
            [
              -34.8497017,
              -8.0089285
            ],
            [
              -34.8497862,
              -8.0090348
            ],
            [
              -34.8498631,
              -8.0091596
            ],
            [
              -34.849872,
              -8.0091785
            ],
            [
              -34.8498758,
              -8.0091991
            ],
            [
              -34.8498733,
              -8.009218
            ],
            [
              -34.8498631,
              -8.0092321
            ],
            [
              -34.8498382,
              -8.0092582
            ],
            [
              -34.8497087,
              -8.0093721
            ],
            [
              -34.8496088,
              -8.0094581
            ],
            [
              -34.8495527,
              -8.0094999
            ],
            [
              -34.8495092,
              -8.0095324
            ],
            [
              -34.8493838,
              -8.0096184
            ],
            [
              -34.8492497,
              -8.0097107
            ],
            [
              -34.8490915,
              -8.0103322
            ],
            [
              -34.8489949,
              -8.0104916
            ],
            [
              -34.8488393,
              -8.0105872
            ],
            [
              -34.8485711,
              -8.0106749
            ],
            [
              -34.8481473,
              -8.0107439
            ],
            [
              -34.8480501,
              -8.0106237
            ],
            [
              -34.8479334,
              -8.0106984
            ],
            [
              -34.8477728,
              -8.0107894
            ],
            [
              -34.8476619,
              -8.0108409
            ],
            [
              -34.8475732,
              -8.0108749
            ],
            [
              -34.8475445,
              -8.0108848
            ],
            [
              -34.8475257,
              -8.01089
            ],
            [
              -34.8475026,
              -8.0108924
            ],
            [
              -34.8474889,
              -8.0108913
            ],
            [
              -34.8474775,
              -8.010888
            ],
            [
              -34.8474486,
              -8.0108681
            ],
            [
              -34.8470054,
              -8.0111403
            ],
            [
              -34.8470101,
              -8.0112406
            ],
            [
              -34.8470178,
              -8.011382
            ],
            [
              -34.8470218,
              -8.0114197
            ],
            [
              -34.8470221,
              -8.0114484
            ],
            [
              -34.84702,
              -8.0114621
            ],
            [
              -34.8470158,
              -8.0114777
            ],
            [
              -34.8469992,
              -8.0115026
            ],
            [
              -34.8469886,
              -8.0115132
            ],
            [
              -34.8469719,
              -8.0115265
            ],
            [
              -34.8469048,
              -8.0115607
            ],
            [
              -34.8468572,
              -8.0115925
            ],
            [
              -34.8468421,
              -8.0116101
            ],
            [
              -34.8468367,
              -8.0116239
            ],
            [
              -34.8468347,
              -8.0116393
            ],
            [
              -34.846832,
              -8.0116642
            ],
            [
              -34.84683,
              -8.0116984
            ],
            [
              -34.8468354,
              -8.0117446
            ],
            [
              -34.8468446,
              -8.0117738
            ],
            [
              -34.8468656,
              -8.0118302
            ],
            [
              -34.8468773,
              -8.0118684
            ],
            [
              -34.8468773,
              -8.0119006
            ],
            [
              -34.8468649,
              -8.0119325
            ],
            [
              -34.8468458,
              -8.0119524
            ],
            [
              -34.8468188,
              -8.0119715
            ],
            [
              -34.8467593,
              -8.0120042
            ],
            [
              -34.846646,
              -8.0120766
            ],
            [
              -34.8463831,
              -8.01222
            ],
            [
              -34.8464347,
              -8.0124079
            ],
            [
              -34.8465846,
              -8.0128108
            ],
            [
              -34.8465895,
              -8.0128198
            ],
            [
              -34.8465988,
              -8.0128389
            ],
            [
              -34.8466101,
              -8.0128468
            ],
            [
              -34.8466282,
              -8.0128624
            ],
            [
              -34.8466552,
              -8.0128839
            ],
            [
              -34.8466808,
              -8.012899
            ],
            [
              -34.8467268,
              -8.0129259
            ],
            [
              -34.8472086,
              -8.013131
            ],
            [
              -34.8475076,
              -8.0132532
            ],
            [
              -34.8476109,
              -8.0132778
            ],
            [
              -34.8476632,
              -8.0132904
            ],
            [
              -34.8478379,
              -8.0133126
            ],
            [
              -34.8480491,
              -8.0133422
            ],
            [
              -34.8481906,
              -8.0133714
            ],
            [
              -34.8483321,
              -8.0133996
            ],
            [
              -34.848434,
              -8.0134308
            ],
            [
              -34.8485014,
              -8.0134568
            ],
            [
              -34.8488353,
              -8.0136211
            ],
            [
              -34.8489594,
              -8.0136576
            ],
            [
              -34.8491102,
              -8.0136875
            ],
            [
              -34.8495351,
              -8.0137393
            ],
            [
              -34.8498079,
              -8.013675
            ],
            [
              -34.8501686,
              -8.0135177
            ],
            [
              -34.8508211,
              -8.0131108
            ],
            [
              -34.8508939,
              -8.0130651
            ],
            [
              -34.8510329,
              -8.0129756
            ],
            [
              -34.8511977,
              -8.0128696
            ],
            [
              -34.8512502,
              -8.0128442
            ],
            [
              -34.8514089,
              -8.0127798
            ],
            [
              -34.8515662,
              -8.0127394
            ],
            [
              -34.8516369,
              -8.0127443
            ],
            [
              -34.8516935,
              -8.0127638
            ],
            [
              -34.8517314,
              -8.0127768
            ],
            [
              -34.851763,
              -8.0127949
            ],
            [
              -34.8517914,
              -8.012816
            ],
            [
              -34.8519256,
              -8.0129271
            ],
            [
              -34.8519616,
              -8.0129624
            ],
            [
              -34.8519795,
              -8.0129859
            ],
            [
              -34.8520604,
              -8.0130839
            ],
            [
              -34.8520748,
              -8.0131017
            ],
            [
              -34.8521547,
              -8.0131593
            ],
            [
              -34.8522095,
              -8.0131918
            ],
            [
              -34.8522622,
              -8.0132044
            ],
            [
              -34.8523177,
              -8.0132068
            ],
            [
              -34.8523778,
              -8.0131882
            ],
            [
              -34.8524444,
              -8.0131515
            ],
            [
              -34.8525513,
              -8.0130664
            ],
            [
              -34.8526979,
              -8.0128939
            ],
            [
              -34.8530054,
              -8.0124182
            ],
            [
              -34.8531796,
              -8.0122039
            ],
            [
              -34.8533448,
              -8.0119757
            ],
            [
              -34.8538858,
              -8.0114514
            ],
            [
              -34.8539814,
              -8.0113409
            ],
            [
              -34.8540837,
              -8.0112234
            ],
            [
              -34.8541863,
              -8.011064
            ],
            [
              -34.8545363,
              -8.0106145
            ],
            [
              -34.8546074,
              -8.0104823
            ],
            [
              -34.8547137,
              -8.0102326
            ],
            [
              -34.8549907,
              -8.009821
            ],
            [
              -34.8552582,
              -8.0092685
            ],
            [
              -34.8553659,
              -8.0090466
            ],
            [
              -34.8555831,
              -8.0085992
            ],
            [
              -34.855689,
              -8.0083867
            ],
            [
              -34.8557903,
              -8.0081011
            ]
          ]
        ]
      }
    },
    {
      "id": "('relation', 10217997)",
      "type": "Feature",
      "properties": {
        "nome": "BAIRRO NOVO",
        "valor": 70
      },
      "geometry": {
        "type": "Polygon",
        "coordinates": [
          [
            [
              -34.8466403,
              -8.0006595
            ],
            [
              -34.846586,
              -8.0005413
            ],
            [
              -34.846538,
              -8.0004444
            ],
            [
              -34.8464559,
              -8.0003056
            ],
            [
              -34.8464146,
              -8.0002378
            ],
            [
              -34.8463633,
              -8.0001645
            ],
            [
              -34.8463395,
              -8.0001351
            ],
            [
              -34.8462936,
              -8.0000851
            ],
            [
              -34.8461571,
              -7.9998547
            ],
            [
              -34.8460865,
              -7.9997355
            ],
            [
              -34.8459265,
              -7.9994656
            ],
            [
              -34.8460933,
              -7.999395
            ],
            [
              -34.8465333,
              -7.999207
            ],
            [
              -34.8465568,
              -7.999197
            ],
            [
              -34.8465355,
              -7.99918
            ],
            [
              -34.8455,
              -7.997267
            ],
            [
              -34.8452516,
              -7.9968533
            ],
            [
              -34.8450811,
              -7.996358
            ],
            [
              -34.8451128,
              -7.9957871
            ],
            [
              -34.8451106,
              -7.9955479
            ],
            [
              -34.845058,
              -7.9954191
            ],
            [
              -34.8450194,
              -7.9953247
            ],
            [
              -34.8450503,
              -7.9940531
            ],
            [
              -34.8450462,
              -7.9935478
            ],
            [
              -34.8449775,
              -7.9931648
            ],
            [
              -34.8449501,
              -7.993208
            ],
            [
              -34.8449193,
              -7.9932217
            ],
            [
              -34.844668,
              -7.9933494
            ],
            [
              -34.8445927,
              -7.9933877
            ],
            [
              -34.8444908,
              -7.9934415
            ],
            [
              -34.8439215,
              -7.9937303
            ],
            [
              -34.8432748,
              -7.9940023
            ],
            [
              -34.8431945,
              -7.9940342
            ],
            [
              -34.8426676,
              -7.9942111
            ],
            [
              -34.8420332,
              -7.9943705
            ],
            [
              -34.8413533,
              -7.9945498
            ],
            [
              -34.8407096,
              -7.9947237
            ],
            [
              -34.8400685,
              -7.9949083
            ],
            [
              -34.8393737,
              -7.9951122
            ],
            [
              -34.8385799,
              -7.9953253
            ],
            [
              -34.8375399,
              -7.9955149
            ],
            [
              -34.8375725,
              -7.9955526
            ],
            [
              -34.8378155,
              -7.9956866
            ],
            [
              -34.8380274,
              -7.9958964
            ],
            [
              -34.8383855,
              -7.9965531
            ],
            [
              -34.8384477,
              -7.9967657
            ],
            [
              -34.8381701,
              -7.996884
            ],
            [
              -34.8382547,
              -7.9969231
            ],
            [
              -34.8383322,
              -7.9969471
            ],
            [
              -34.8384203,
              -7.997211
            ],
            [
              -34.8382886,
              -7.9973751
            ],
            [
              -34.8383142,
              -7.9974473
            ],
            [
              -34.8384968,
              -7.9978447
            ],
            [
              -34.8384056,
              -7.9979018
            ],
            [
              -34.8384283,
              -7.9979868
            ],
            [
              -34.8386087,
              -7.9979835
            ],
            [
              -34.8386322,
              -7.99817
            ],
            [
              -34.8385564,
              -7.998368
            ],
            [
              -34.8385551,
              -7.9984071
            ],
            [
              -34.8386281,
              -7.9984914
            ],
            [
              -34.83858,
              -7.9987521
            ],
            [
              -34.8385721,
              -7.9987946
            ],
            [
              -34.8387932,
              -7.9987874
            ],
            [
              -34.8388685,
              -7.9989229
            ],
            [
              -34.8388846,
              -7.9991032
            ],
            [
              -34.8388672,
              -7.9991523
            ],
            [
              -34.8385901,
              -7.9992727
            ],
            [
              -34.8386277,
              -7.999274
            ],
            [
              -34.8387075,
              -7.9992768
            ],
            [
              -34.838809,
              -7.9992804
            ],
            [
              -34.8388251,
              -7.9995901
            ],
            [
              -34.8387288,
              -7.9996518
            ],
            [
              -34.8386515,
              -7.9997234
            ],
            [
              -34.8389781,
              -7.9997194
            ],
            [
              -34.8390393,
              -8.0000206
            ],
            [
              -34.8390442,
              -8.0001177
            ],
            [
              -34.8390021,
              -8.0001245
            ],
            [
              -34.8388708,
              -8.0001457
            ],
            [
              -34.8388173,
              -8.0001558
            ],
            [
              -34.8388131,
              -8.0001977
            ],
            [
              -34.8388288,
              -8.0002748
            ],
            [
              -34.8390631,
              -8.0002275
            ],
            [
              -34.8391172,
              -8.0005543
            ],
            [
              -34.8391258,
              -8.0006055
            ],
            [
              -34.839133,
              -8.0006372
            ],
            [
              -34.8392145,
              -8.0010141
            ],
            [
              -34.8392214,
              -8.0010458
            ],
            [
              -34.8390356,
              -8.0010889
            ],
            [
              -34.8389877,
              -8.0010942
            ],
            [
              -34.8389896,
              -8.0011694
            ],
            [
              -34.8392289,
              -8.001122
            ],
            [
              -34.8392467,
              -8.0015043
            ],
            [
              -34.8389605,
              -8.0016009
            ],
            [
              -34.8389774,
              -8.0016565
            ],
            [
              -34.83923,
              -8.0016632
            ],
            [
              -34.8392352,
              -8.0018029
            ],
            [
              -34.8393612,
              -8.0024701
            ],
            [
              -34.8391823,
              -8.0025492
            ],
            [
              -34.8393902,
              -8.0025769
            ],
            [
              -34.8394731,
              -8.0029317
            ],
            [
              -34.8392424,
              -8.0030913
            ],
            [
              -34.8394975,
              -8.003103
            ],
            [
              -34.8395267,
              -8.0033259
            ],
            [
              -34.839558,
              -8.0034898
            ],
            [
              -34.8393997,
              -8.003573
            ],
            [
              -34.8396071,
              -8.0035877
            ],
            [
              -34.8396674,
              -8.0038982
            ],
            [
              -34.8395531,
              -8.0039699
            ],
            [
              -34.839515,
              -8.0039938
            ],
            [
              -34.8396835,
              -8.0040258
            ],
            [
              -34.8397235,
              -8.0043205
            ],
            [
              -34.8396414,
              -8.0044083
            ],
            [
              -34.8397667,
              -8.0044463
            ],
            [
              -34.839831,
              -8.0047597
            ],
            [
              -34.8397139,
              -8.0048357
            ],
            [
              -34.8398495,
              -8.0048867
            ],
            [
              -34.8399323,
              -8.0052027
            ],
            [
              -34.8398507,
              -8.0052925
            ],
            [
              -34.8399631,
              -8.0053302
            ],
            [
              -34.840155,
              -8.0060576
            ],
            [
              -34.8401819,
              -8.0061199
            ],
            [
              -34.8400894,
              -8.0061436
            ],
            [
              -34.8401136,
              -8.0062188
            ],
            [
              -34.8402165,
              -8.006205
            ],
            [
              -34.8403204,
              -8.0065186
            ],
            [
              -34.8401971,
              -8.0065869
            ],
            [
              -34.8402166,
              -8.0066399
            ],
            [
              -34.840355,
              -8.0066037
            ],
            [
              -34.8404815,
              -8.0069256
            ],
            [
              -34.8403426,
              -8.0069992
            ],
            [
              -34.8403705,
              -8.0070809
            ],
            [
              -34.840517,
              -8.0070068
            ],
            [
              -34.8406825,
              -8.007369
            ],
            [
              -34.8405611,
              -8.0074295
            ],
            [
              -34.8405782,
              -8.0074945
            ],
            [
              -34.8406388,
              -8.007565
            ],
            [
              -34.8407587,
              -8.0079301
            ],
            [
              -34.8406287,
              -8.0079613
            ],
            [
              -34.840613,
              -8.0079629
            ],
            [
              -34.8406017,
              -8.0079794
            ],
            [
              -34.840602,
              -8.0080117
            ],
            [
              -34.8406347,
              -8.0080225
            ],
            [
              -34.8407863,
              -8.0079711
            ],
            [
              -34.8408358,
              -8.008165
            ],
            [
              -34.841025,
              -8.0086363
            ],
            [
              -34.8408368,
              -8.0087946
            ],
            [
              -34.8411043,
              -8.0087848
            ],
            [
              -34.8412161,
              -8.0090532
            ],
            [
              -34.8411319,
              -8.0091738
            ],
            [
              -34.8413114,
              -8.0091504
            ],
            [
              -34.8414275,
              -8.0094464
            ],
            [
              -34.8412514,
              -8.0095682
            ],
            [
              -34.8414641,
              -8.0095397
            ],
            [
              -34.8415659,
              -8.0097994
            ],
            [
              -34.8413402,
              -8.0099836
            ],
            [
              -34.8416157,
              -8.0099082
            ],
            [
              -34.8417174,
              -8.0102033
            ],
            [
              -34.8416419,
              -8.0102392
            ],
            [
              -34.8416707,
              -8.0102943
            ],
            [
              -34.8417221,
              -8.0102726
            ],
            [
              -34.8417573,
              -8.010392
            ],
            [
              -34.8419119,
              -8.0108038
            ],
            [
              -34.8418458,
              -8.0108479
            ],
            [
              -34.8418268,
              -8.0108733
            ],
            [
              -34.8418293,
              -8.0109013
            ],
            [
              -34.841859,
              -8.0109354
            ],
            [
              -34.8418834,
              -8.0109402
            ],
            [
              -34.8419732,
              -8.0109124
            ],
            [
              -34.8420719,
              -8.0112601
            ],
            [
              -34.8419994,
              -8.0112916
            ],
            [
              -34.8419952,
              -8.0113151
            ],
            [
              -34.8420282,
              -8.0113375
            ],
            [
              -34.8420964,
              -8.0113114
            ],
            [
              -34.8421285,
              -8.011645
            ],
            [
              -34.8421458,
              -8.0118799
            ],
            [
              -34.8423582,
              -8.012379
            ],
            [
              -34.8426892,
              -8.0126507
            ],
            [
              -34.8428555,
              -8.0128749
            ],
            [
              -34.8431947,
              -8.0134098
            ],
            [
              -34.8433217,
              -8.0133206
            ],
            [
              -34.8436231,
              -8.0130122
            ],
            [
              -34.8438558,
              -8.0127751
            ],
            [
              -34.8445504,
              -8.0120387
            ],
            [
              -34.8444801,
              -8.0118004
            ],
            [
              -34.8444332,
              -8.0115102
            ],
            [
              -34.8444258,
              -8.0113004
            ],
            [
              -34.8444244,
              -8.011147
            ],
            [
              -34.8444321,
              -8.0110075
            ],
            [
              -34.8444472,
              -8.0108488
            ],
            [
              -34.8444754,
              -8.0105812
            ],
            [
              -34.8445103,
              -8.0103455
            ],
            [
              -34.84458,
              -8.0098801
            ],
            [
              -34.844643,
              -8.0091928
            ],
            [
              -34.8446434,
              -8.0090852
            ],
            [
              -34.8446448,
              -8.0086945
            ],
            [
              -34.8445968,
              -8.008068
            ],
            [
              -34.8445854,
              -8.0079438
            ],
            [
              -34.8445813,
              -8.0077858
            ],
            [
              -34.8445833,
              -8.0076629
            ],
            [
              -34.8445961,
              -8.007548
            ],
            [
              -34.8446129,
              -8.0074239
            ],
            [
              -34.8447208,
              -8.0071397
            ],
            [
              -34.8448301,
              -8.0068867
            ],
            [
              -34.8448874,
              -8.0067688
            ],
            [
              -34.8449803,
              -8.0065779
            ],
            [
              -34.8450326,
              -8.006481
            ],
            [
              -34.845207,
              -8.0062745
            ],
            [
              -34.8453491,
              -8.0060992
            ],
            [
              -34.8455389,
              -8.0058548
            ],
            [
              -34.8456291,
              -8.0057359
            ],
            [
              -34.8457038,
              -8.0056284
            ],
            [
              -34.8457675,
              -8.0055155
            ],
            [
              -34.8458527,
              -8.0053442
            ],
            [
              -34.845931,
              -8.0051698
            ],
            [
              -34.8462604,
              -8.0044365
            ],
            [
              -34.8463937,
              -8.0041111
            ],
            [
              -34.8464048,
              -8.0040821
            ],
            [
              -34.8465367,
              -8.0037372
            ],
            [
              -34.8465594,
              -8.0036609
            ],
            [
              -34.8465732,
              -8.0035835
            ],
            [
              -34.8465943,
              -8.0034557
            ],
            [
              -34.846588,
              -8.0032807
            ],
            [
              -34.8465769,
              -8.0031403
            ],
            [
              -34.8465561,
              -8.0029132
            ],
            [
              -34.8465474,
              -8.0022844
            ],
            [
              -34.8465575,
              -8.0019816
            ],
            [
              -34.8465588,
              -8.0017724
            ],
            [
              -34.8465588,
              -8.001629
            ],
            [
              -34.8465756,
              -8.00153
            ],
            [
              -34.8465873,
              -8.0014643
            ],
            [
              -34.8465963,
              -8.0014049
            ],
            [
              -34.8466034,
              -8.0013571
            ],
            [
              -34.8466238,
              -8.001204
            ],
            [
              -34.8466309,
              -8.0011313
            ],
            [
              -34.8466359,
              -8.0010825
            ],
            [
              -34.8466433,
              -8.0009304
            ],
            [
              -34.8466436,
              -8.0007408
            ],
            [
              -34.8466403,
              -8.0006595
            ]
          ]
        ]
      }
    },
    {
      "id": "('relation', 10221642)",
      "type": "Feature",
      "properties": {
        "nome": "TABAJARA",
        "valor": 44
      },
      "geometry": {
        "type": "Polygon",
        "coordinates": [
          [
            [
              -34.8692876,
              -7.976382
            ],
            [
              -34.8725298,
              -7.969975
            ],
            [
              -34.8718653,
              -7.9696247
            ],
            [
              -34.8705504,
              -7.968502
            ],
            [
              -34.8702729,
              -7.9681104
            ],
            [
              -34.8703024,
              -7.9680472
            ],
            [
              -34.8692889,
              -7.967425
            ],
            [
              -34.8684401,
              -7.9668176
            ],
            [
              -34.8677747,
              -7.9663414
            ],
            [
              -34.8676188,
              -7.9673136
            ],
            [
              -34.8675217,
              -7.9676162
            ],
            [
              -34.8641406,
              -7.9745269
            ],
            [
              -34.8642478,
              -7.9745606
            ],
            [
              -34.8640107,
              -7.9750546
            ],
            [
              -34.8638547,
              -7.9753796
            ],
            [
              -34.8637006,
              -7.9757006
            ],
            [
              -34.8634558,
              -7.9761271
            ],
            [
              -34.8633225,
              -7.976331
            ],
            [
              -34.8631347,
              -7.9765233
            ],
            [
              -34.8629426,
              -7.976672
            ],
            [
              -34.8627842,
              -7.9767877
            ],
            [
              -34.8626389,
              -7.9769013
            ],
            [
              -34.8625373,
              -7.9769802
            ],
            [
              -34.8611717,
              -7.9780549
            ],
            [
              -34.8607386,
              -7.9783855
            ],
            [
              -34.8604378,
              -7.9786152
            ],
            [
              -34.8601722,
              -7.9788359
            ],
            [
              -34.8594799,
              -7.9793581
            ],
            [
              -34.8593766,
              -7.9794382
            ],
            [
              -34.8586206,
              -7.9800598
            ],
            [
              -34.8574859,
              -7.9810518
            ],
            [
              -34.8574003,
              -7.9811198
            ],
            [
              -34.8573964,
              -7.9811234
            ],
            [
              -34.8572246,
              -7.9812801
            ],
            [
              -34.8571515,
              -7.9813513
            ],
            [
              -34.8568693,
              -7.981617
            ],
            [
              -34.8567629,
              -7.9817407
            ],
            [
              -34.8566935,
              -7.9818621
            ],
            [
              -34.8563327,
              -7.9827371
            ],
            [
              -34.8563153,
              -7.9827769
            ],
            [
              -34.8573419,
              -7.9832424
            ],
            [
              -34.8575163,
              -7.9833646
            ],
            [
              -34.8577684,
              -7.9835957
            ],
            [
              -34.8579347,
              -7.9837179
            ],
            [
              -34.8580447,
              -7.9837816
            ],
            [
              -34.8584763,
              -7.9839627
            ],
            [
              -34.8587541,
              -7.9841495
            ],
            [
              -34.8593657,
              -7.9846502
            ],
            [
              -34.859532,
              -7.9847724
            ],
            [
              -34.8596594,
              -7.9848746
            ],
            [
              -34.8600617,
              -7.985208
            ],
            [
              -34.8602486,
              -7.9848474
            ],
            [
              -34.8603474,
              -7.9846455
            ],
            [
              -34.8603701,
              -7.9845625
            ],
            [
              -34.8603778,
              -7.9844883
            ],
            [
              -34.8603648,
              -7.9843886
            ],
            [
              -34.8603432,
              -7.9843181
            ],
            [
              -34.860291,
              -7.9841521
            ],
            [
              -34.8602455,
              -7.9840227
            ],
            [
              -34.8601943,
              -7.9839144
            ],
            [
              -34.8601596,
              -7.9838472
            ],
            [
              -34.8602186,
              -7.9837717
            ],
            [
              -34.8602428,
              -7.9837444
            ],
            [
              -34.8602736,
              -7.9837066
            ],
            [
              -34.8603011,
              -7.9836788
            ],
            [
              -34.8604815,
              -7.9835373
            ],
            [
              -34.8607322,
              -7.9833433
            ],
            [
              -34.8609415,
              -7.9831867
            ],
            [
              -34.8611191,
              -7.9830471
            ],
            [
              -34.8612204,
              -7.9829774
            ],
            [
              -34.86126,
              -7.982961
            ],
            [
              -34.8613518,
              -7.9829469
            ],
            [
              -34.8625642,
              -7.9816115
            ],
            [
              -34.8637273,
              -7.9803696
            ],
            [
              -34.8647583,
              -7.9792687
            ],
            [
              -34.8665553,
              -7.9804162
            ],
            [
              -34.8670381,
              -7.9796937
            ],
            [
              -34.8671508,
              -7.9794135
            ],
            [
              -34.8673064,
              -7.9794354
            ],
            [
              -34.8673801,
              -7.9794546
            ],
            [
              -34.8674418,
              -7.9794845
            ],
            [
              -34.867529,
              -7.9795383
            ],
            [
              -34.8677295,
              -7.9796685
            ],
            [
              -34.8682485,
              -7.9787275
            ],
            [
              -34.8683591,
              -7.9785037
            ],
            [
              -34.8683926,
              -7.9784207
            ],
            [
              -34.8684242,
              -7.9783284
            ],
            [
              -34.8684711,
              -7.9781743
            ],
            [
              -34.8686159,
              -7.9777752
            ],
            [
              -34.8686609,
              -7.9776524
            ],
            [
              -34.8687085,
              -7.9775468
            ],
            [
              -34.8687809,
              -7.9773668
            ],
            [
              -34.8689043,
              -7.9770202
            ],
            [
              -34.8692876,
              -7.976382
            ]
          ]
        ]
      }
    },
    {
      "id": "('relation', 10221683)",
      "type": "Feature",
      "properties": {
        "nome": "SAPUCAIA",
        "valor": 41
      },
      "geometry": {
        "type": "Polygon",
        "coordinates": [
          [
            [
              -34.8950951,
              -7.9959897
            ],
            [
              -34.8947172,
              -7.9958871
            ],
            [
              -34.8945227,
              -7.9958347
            ],
            [
              -34.8944624,
              -7.9958157
            ],
            [
              -34.8942981,
              -7.9957663
            ],
            [
              -34.8940305,
              -7.9956899
            ],
            [
              -34.8938025,
              -7.9956213
            ],
            [
              -34.8937717,
              -7.9958758
            ],
            [
              -34.8937435,
              -7.9960106
            ],
            [
              -34.8936979,
              -7.9961673
            ],
            [
              -34.8934787,
              -7.9959675
            ],
            [
              -34.8933613,
              -7.9958645
            ],
            [
              -34.8931488,
              -7.9956985
            ],
            [
              -34.8927719,
              -7.9954097
            ],
            [
              -34.8925238,
              -7.99517
            ],
            [
              -34.8924266,
              -7.9950743
            ],
            [
              -34.8923287,
              -7.994982
            ],
            [
              -34.8922301,
              -7.9949044
            ],
            [
              -34.8921338,
              -7.9948401
            ],
            [
              -34.891988,
              -7.9947543
            ],
            [
              -34.8918915,
              -7.9947197
            ],
            [
              -34.8918003,
              -7.9946826
            ],
            [
              -34.8917359,
              -7.9946348
            ],
            [
              -34.8916675,
              -7.9945099
            ],
            [
              -34.8916581,
              -7.994478
            ],
            [
              -34.891642,
              -7.9944501
            ],
            [
              -34.8915964,
              -7.9944156
            ],
            [
              -34.89152,
              -7.9943439
            ],
            [
              -34.8915039,
              -7.994316
            ],
            [
              -34.8915039,
              -7.9942655
            ],
            [
              -34.8915579,
              -7.9941683
            ],
            [
              -34.891522,
              -7.9941958
            ],
            [
              -34.8914784,
              -7.9941965
            ],
            [
              -34.8914516,
              -7.9941852
            ],
            [
              -34.8914187,
              -7.9941454
            ],
            [
              -34.8913886,
              -7.994055
            ],
            [
              -34.8913557,
              -7.9939574
            ],
            [
              -34.8913403,
              -7.9938612
            ],
            [
              -34.8913282,
              -7.9937781
            ],
            [
              -34.8913054,
              -7.9936301
            ],
            [
              -34.891287,
              -7.9935295
            ],
            [
              -34.8912585,
              -7.993391
            ],
            [
              -34.8912638,
              -7.9932934
            ],
            [
              -34.8912478,
              -7.9932376
            ],
            [
              -34.8912638,
              -7.9930384
            ],
            [
              -34.8912531,
              -7.992964
            ],
            [
              -34.8911941,
              -7.9928923
            ],
            [
              -34.8911217,
              -7.9928259
            ],
            [
              -34.8910788,
              -7.9927622
            ],
            [
              -34.89106,
              -7.992648
            ],
            [
              -34.891052,
              -7.9925417
            ],
            [
              -34.8909742,
              -7.9924248
            ],
            [
              -34.8909634,
              -7.9923292
            ],
            [
              -34.8909742,
              -7.9922017
            ],
            [
              -34.8909715,
              -7.9920928
            ],
            [
              -34.8909661,
              -7.9919547
            ],
            [
              -34.8909768,
              -7.9918378
            ],
            [
              -34.8910144,
              -7.991721
            ],
            [
              -34.891009,
              -7.9916439
            ],
            [
              -34.8909313,
              -7.9915908
            ],
            [
              -34.8908454,
              -7.9916174
            ],
            [
              -34.8906818,
              -7.9917688
            ],
            [
              -34.8905718,
              -7.9917688
            ],
            [
              -34.8904485,
              -7.9917581
            ],
            [
              -34.8902902,
              -7.9917688
            ],
            [
              -34.8901749,
              -7.9918086
            ],
            [
              -34.8900408,
              -7.9917953
            ],
            [
              -34.8899201,
              -7.9916386
            ],
            [
              -34.8898275,
              -7.9913438
            ],
            [
              -34.8896002,
              -7.9913444
            ],
            [
              -34.8894319,
              -7.9913265
            ],
            [
              -34.8892743,
              -7.9912907
            ],
            [
              -34.8890054,
              -7.991199
            ],
            [
              -34.8887687,
              -7.9911393
            ],
            [
              -34.8885354,
              -7.9911021
            ],
            [
              -34.888475,
              -7.9910934
            ],
            [
              -34.8883751,
              -7.9910808
            ],
            [
              -34.8882732,
              -7.9910828
            ],
            [
              -34.8881718,
              -7.9911084
            ],
            [
              -34.8881257,
              -7.991122
            ],
            [
              -34.887962,
              -7.9911837
            ],
            [
              -34.887785,
              -7.9912389
            ],
            [
              -34.8874927,
              -7.9913139
            ],
            [
              -34.8872003,
              -7.9914049
            ],
            [
              -34.8868905,
              -7.9915111
            ],
            [
              -34.8866565,
              -7.9916054
            ],
            [
              -34.8865224,
              -7.9916745
            ],
            [
              -34.8864198,
              -7.9917362
            ],
            [
              -34.8863138,
              -7.9918126
            ],
            [
              -34.8861811,
              -7.9919062
            ],
            [
              -34.8858914,
              -7.9921272
            ],
            [
              -34.8858599,
              -7.9921513
            ],
            [
              -34.8857405,
              -7.9922495
            ],
            [
              -34.8856647,
              -7.9923193
            ],
            [
              -34.8855782,
              -7.9924003
            ],
            [
              -34.8854106,
              -7.9925623
            ],
            [
              -34.8852222,
              -7.9927303
            ],
            [
              -34.8848849,
              -7.9929893
            ],
            [
              -34.8848165,
              -7.993047
            ],
            [
              -34.8849338,
              -7.9931234
            ],
            [
              -34.884958,
              -7.9931659
            ],
            [
              -34.8849821,
              -7.993219
            ],
            [
              -34.8849955,
              -7.9932748
            ],
            [
              -34.8850036,
              -7.9933492
            ],
            [
              -34.8850304,
              -7.9934103
            ],
            [
              -34.8850948,
              -7.99349
            ],
            [
              -34.8854408,
              -7.9937078
            ],
            [
              -34.8854971,
              -7.9937582
            ],
            [
              -34.8855212,
              -7.993814
            ],
            [
              -34.8855454,
              -7.9939973
            ],
            [
              -34.8855615,
              -7.9940477
            ],
            [
              -34.8857945,
              -7.9942039
            ],
            [
              -34.8858237,
              -7.9944103
            ],
            [
              -34.8858357,
              -7.9945431
            ],
            [
              -34.8858438,
              -7.9946533
            ],
            [
              -34.8858438,
              -7.9947881
            ],
            [
              -34.8858411,
              -7.9948306
            ],
            [
              -34.8858361,
              -7.9949017
            ],
            [
              -34.8858369,
              -7.9949402
            ],
            [
              -34.8858371,
              -7.9949502
            ],
            [
              -34.8858485,
              -7.994996
            ],
            [
              -34.8858686,
              -7.9950631
            ],
            [
              -34.8858941,
              -7.9951075
            ],
            [
              -34.8859266,
              -7.9951656
            ],
            [
              -34.8859444,
              -7.9951916
            ],
            [
              -34.8859631,
              -7.9952188
            ],
            [
              -34.8860069,
              -7.9952641
            ],
            [
              -34.8860444,
              -7.9953003
            ],
            [
              -34.8861184,
              -7.9953649
            ],
            [
              -34.8861915,
              -7.9954323
            ],
            [
              -34.8862404,
              -7.9954595
            ],
            [
              -34.8863289,
              -7.9954814
            ],
            [
              -34.8864922,
              -7.9955212
            ],
            [
              -34.886511,
              -7.995666
            ],
            [
              -34.8865378,
              -7.9958599
            ],
            [
              -34.8865814,
              -7.9960485
            ],
            [
              -34.8866223,
              -7.9961634
            ],
            [
              -34.8866277,
              -7.996177
            ],
            [
              -34.8866498,
              -7.9962324
            ],
            [
              -34.8866934,
              -7.9963075
            ],
            [
              -34.8868503,
              -7.9965405
            ],
            [
              -34.8869153,
              -7.9966435
            ],
            [
              -34.8869542,
              -7.9967132
            ],
            [
              -34.8869864,
              -7.9967982
            ],
            [
              -34.8870085,
              -7.9968885
            ],
            [
              -34.88703,
              -7.9969735
            ],
            [
              -34.8870776,
              -7.997083
            ],
            [
              -34.8873069,
              -7.9975027
            ],
            [
              -34.8873746,
              -7.9976774
            ],
            [
              -34.8874343,
              -7.9978161
            ],
            [
              -34.8874967,
              -7.9979828
            ],
            [
              -34.8876353,
              -7.9982803
            ],
            [
              -34.8875093,
              -7.9985635
            ],
            [
              -34.8873993,
              -7.9987786
            ],
            [
              -34.8872947,
              -7.9990214
            ],
            [
              -34.8872437,
              -7.9991728
            ],
            [
              -34.887196,
              -7.9992694
            ],
            [
              -34.8873749,
              -7.999395
            ],
            [
              -34.8876224,
              -7.9995612
            ],
            [
              -34.8878427,
              -7.9997544
            ],
            [
              -34.8880123,
              -7.999938
            ],
            [
              -34.8881897,
              -7.9998023
            ],
            [
              -34.8882885,
              -7.9996987
            ],
            [
              -34.8883488,
              -7.99961
            ],
            [
              -34.888393,
              -7.9995022
            ],
            [
              -34.8884324,
              -7.9993736
            ],
            [
              -34.8884609,
              -7.999236
            ],
            [
              -34.8885012,
              -7.9991173
            ],
            [
              -34.8885634,
              -7.9990055
            ],
            [
              -34.8886599,
              -7.998878
            ],
            [
              -34.8888101,
              -7.9986907
            ],
            [
              -34.8889596,
              -7.9985552
            ],
            [
              -34.8891021,
              -7.9984788
            ],
            [
              -34.8891534,
              -7.9984666
            ],
            [
              -34.8892849,
              -7.9984636
            ],
            [
              -34.8896001,
              -7.9984729
            ],
            [
              -34.8897516,
              -7.9984809
            ],
            [
              -34.8899335,
              -7.9987432
            ],
            [
              -34.8900328,
              -7.9989024
            ],
            [
              -34.890103,
              -7.9990308
            ],
            [
              -34.8901519,
              -7.9991203
            ],
            [
              -34.89019,
              -7.9991688
            ],
            [
              -34.8897502,
              -7.9993399
            ],
            [
              -34.8895408,
              -7.9994628
            ],
            [
              -34.8893061,
              -7.9996486
            ],
            [
              -34.8891769,
              -7.9998823
            ],
            [
              -34.8888938,
              -8.0002358
            ],
            [
              -34.8885997,
              -8.000663
            ],
            [
              -34.8882034,
              -8.0010386
            ],
            [
              -34.8880547,
              -8.0012454
            ],
            [
              -34.8870943,
              -8.0023006
            ],
            [
              -34.8869184,
              -8.0025367
            ],
            [
              -34.8868381,
              -8.0026069
            ],
            [
              -34.8869302,
              -8.0026662
            ],
            [
              -34.8870353,
              -8.0028553
            ],
            [
              -34.8872549,
              -8.0032949
            ],
            [
              -34.8873243,
              -8.0034337
            ],
            [
              -34.8877059,
              -8.0041821
            ],
            [
              -34.887721,
              -8.0042197
            ],
            [
              -34.8877354,
              -8.0042419
            ],
            [
              -34.8881122,
              -8.0049371
            ],
            [
              -34.8883832,
              -8.0046669
            ],
            [
              -34.8885669,
              -8.0045128
            ],
            [
              -34.8887694,
              -8.0044079
            ],
            [
              -34.8891101,
              -8.0043106
            ],
            [
              -34.8894254,
              -8.0042908
            ],
            [
              -34.8896271,
              -8.004245
            ],
            [
              -34.8899026,
              -8.0041303
            ],
            [
              -34.8901387,
              -8.0040228
            ],
            [
              -34.8902942,
              -8.0039072
            ],
            [
              -34.890435,
              -8.0037665
            ],
            [
              -34.8905805,
              -8.0035853
            ],
            [
              -34.8907393,
              -8.003455
            ],
            [
              -34.8908514,
              -8.0034095
            ],
            [
              -34.890983,
              -8.003428
            ],
            [
              -34.891256,
              -8.0034755
            ],
            [
              -34.891612,
              -8.0035063
            ],
            [
              -34.8916089,
              -8.0034587
            ],
            [
              -34.8914704,
              -8.0030467
            ],
            [
              -34.8914328,
              -8.0029537
            ],
            [
              -34.8905987,
              -8.0019338
            ],
            [
              -34.8910292,
              -8.0015978
            ],
            [
              -34.8914723,
              -8.0012676
            ],
            [
              -34.8918502,
              -8.0010019
            ],
            [
              -34.8926481,
              -8.0004754
            ],
            [
              -34.8933546,
              -7.9999576
            ],
            [
              -34.8935518,
              -7.9998182
            ],
            [
              -34.8936805,
              -7.9997518
            ],
            [
              -34.8938374,
              -7.9997106
            ],
            [
              -34.8940024,
              -7.9996894
            ],
            [
              -34.8949868,
              -7.9996446
            ],
            [
              -34.8949767,
              -7.9996117
            ],
            [
              -34.8949395,
              -7.9994735
            ],
            [
              -34.89488,
              -7.9992052
            ],
            [
              -34.894839,
              -7.9990077
            ],
            [
              -34.8948039,
              -7.998836
            ],
            [
              -34.8947799,
              -7.9986738
            ],
            [
              -34.8947574,
              -7.9984145
            ],
            [
              -34.8947419,
              -7.9981383
            ],
            [
              -34.89475,
              -7.9980046
            ],
            [
              -34.8947595,
              -7.9978898
            ],
            [
              -34.8947775,
              -7.9977537
            ],
            [
              -34.8948271,
              -7.9973723
            ],
            [
              -34.8948506,
              -7.9972517
            ],
            [
              -34.8948656,
              -7.9971995
            ],
            [
              -34.8948929,
              -7.997101
            ],
            [
              -34.8949331,
              -7.9969569
            ],
            [
              -34.89498,
              -7.9967922
            ],
            [
              -34.8950127,
              -7.9966739
            ],
            [
              -34.895052,
              -7.9964708
            ],
            [
              -34.8950706,
              -7.9963006
            ],
            [
              -34.8950849,
              -7.9961192
            ],
            [
              -34.8950951,
              -7.9959897
            ]
          ]
        ]
      }
    },
    {
      "id": "('relation', 10221684)",
      "type": "Feature",
      "properties": {
        "nome": "AGUAZINHA",
        "valor": 80
      },
      "geometry": {
        "type": "Polygon",
        "coordinates": [
          [
            [
              -34.89019,
              -7.9991688
            ],
            [
              -34.8901519,
              -7.9991203
            ],
            [
              -34.890103,
              -7.9990308
            ],
            [
              -34.8900328,
              -7.9989024
            ],
            [
              -34.8899335,
              -7.9987432
            ],
            [
              -34.8897516,
              -7.9984809
            ],
            [
              -34.8896001,
              -7.9984729
            ],
            [
              -34.8892849,
              -7.9984636
            ],
            [
              -34.8891534,
              -7.9984666
            ],
            [
              -34.8891021,
              -7.9984788
            ],
            [
              -34.8889596,
              -7.9985552
            ],
            [
              -34.8888101,
              -7.9986907
            ],
            [
              -34.8886599,
              -7.998878
            ],
            [
              -34.8885634,
              -7.9990055
            ],
            [
              -34.8885012,
              -7.9991173
            ],
            [
              -34.8884609,
              -7.999236
            ],
            [
              -34.8884324,
              -7.9993736
            ],
            [
              -34.888393,
              -7.9995022
            ],
            [
              -34.8883488,
              -7.99961
            ],
            [
              -34.8882885,
              -7.9996987
            ],
            [
              -34.8881897,
              -7.9998023
            ],
            [
              -34.8880123,
              -7.999938
            ],
            [
              -34.8878427,
              -7.9997544
            ],
            [
              -34.8876224,
              -7.9995612
            ],
            [
              -34.8873749,
              -7.999395
            ],
            [
              -34.887196,
              -7.9992694
            ],
            [
              -34.8872437,
              -7.9991728
            ],
            [
              -34.8872947,
              -7.9990214
            ],
            [
              -34.8873993,
              -7.9987786
            ],
            [
              -34.8875093,
              -7.9985635
            ],
            [
              -34.8876353,
              -7.9982803
            ],
            [
              -34.8874967,
              -7.9979828
            ],
            [
              -34.8874343,
              -7.9978161
            ],
            [
              -34.8873746,
              -7.9976774
            ],
            [
              -34.8873069,
              -7.9975027
            ],
            [
              -34.8870776,
              -7.997083
            ],
            [
              -34.88703,
              -7.9969735
            ],
            [
              -34.8870085,
              -7.9968885
            ],
            [
              -34.8869864,
              -7.9967982
            ],
            [
              -34.8869542,
              -7.9967132
            ],
            [
              -34.8869153,
              -7.9966435
            ],
            [
              -34.8868503,
              -7.9965405
            ],
            [
              -34.8866934,
              -7.9963075
            ],
            [
              -34.8866498,
              -7.9962324
            ],
            [
              -34.8866277,
              -7.996177
            ],
            [
              -34.8866223,
              -7.9961634
            ],
            [
              -34.8865814,
              -7.9960485
            ],
            [
              -34.8865378,
              -7.9958599
            ],
            [
              -34.886511,
              -7.995666
            ],
            [
              -34.8864922,
              -7.9955212
            ],
            [
              -34.8863289,
              -7.9954814
            ],
            [
              -34.8862404,
              -7.9954595
            ],
            [
              -34.8861915,
              -7.9954323
            ],
            [
              -34.8861184,
              -7.9953649
            ],
            [
              -34.8860444,
              -7.9953003
            ],
            [
              -34.8860069,
              -7.9952641
            ],
            [
              -34.8859631,
              -7.9952188
            ],
            [
              -34.8859444,
              -7.9951916
            ],
            [
              -34.8859266,
              -7.9951656
            ],
            [
              -34.8858941,
              -7.9951075
            ],
            [
              -34.8858686,
              -7.9950631
            ],
            [
              -34.8858485,
              -7.994996
            ],
            [
              -34.8858371,
              -7.9949502
            ],
            [
              -34.8858369,
              -7.9949402
            ],
            [
              -34.8858361,
              -7.9949017
            ],
            [
              -34.8858411,
              -7.9948306
            ],
            [
              -34.8858438,
              -7.9947881
            ],
            [
              -34.8858438,
              -7.9946533
            ],
            [
              -34.8858357,
              -7.9945431
            ],
            [
              -34.8858237,
              -7.9944103
            ],
            [
              -34.8857945,
              -7.9942039
            ],
            [
              -34.8855615,
              -7.9940477
            ],
            [
              -34.8855454,
              -7.9939973
            ],
            [
              -34.8855212,
              -7.993814
            ],
            [
              -34.8854971,
              -7.9937582
            ],
            [
              -34.8854408,
              -7.9937078
            ],
            [
              -34.8850948,
              -7.99349
            ],
            [
              -34.8850304,
              -7.9934103
            ],
            [
              -34.8850036,
              -7.9933492
            ],
            [
              -34.8849955,
              -7.9932748
            ],
            [
              -34.8849821,
              -7.993219
            ],
            [
              -34.884958,
              -7.9931659
            ],
            [
              -34.8849338,
              -7.9931234
            ],
            [
              -34.8848165,
              -7.993047
            ],
            [
              -34.8847635,
              -7.9931354
            ],
            [
              -34.8847407,
              -7.9931878
            ],
            [
              -34.884728,
              -7.9932536
            ],
            [
              -34.8847313,
              -7.9933173
            ],
            [
              -34.8847461,
              -7.9935471
            ],
            [
              -34.8847541,
              -7.9937529
            ],
            [
              -34.8847595,
              -7.9939003
            ],
            [
              -34.8847581,
              -7.9940318
            ],
            [
              -34.88474,
              -7.9941533
            ],
            [
              -34.8846958,
              -7.9943253
            ],
            [
              -34.8845751,
              -7.9947715
            ],
            [
              -34.8844846,
              -7.9950631
            ],
            [
              -34.8844229,
              -7.9952158
            ],
            [
              -34.8843672,
              -7.9953446
            ],
            [
              -34.8843246,
              -7.9954479
            ],
            [
              -34.8842935,
              -7.9955159
            ],
            [
              -34.8842368,
              -7.9956092
            ],
            [
              -34.8842046,
              -7.9956487
            ],
            [
              -34.8840963,
              -7.9957424
            ],
            [
              -34.8839562,
              -7.9958619
            ],
            [
              -34.8838221,
              -7.9959588
            ],
            [
              -34.8836933,
              -7.9960272
            ],
            [
              -34.8835491,
              -7.996095
            ],
            [
              -34.8834553,
              -7.9961454
            ],
            [
              -34.883358,
              -7.996245
            ],
            [
              -34.8832709,
              -7.9963141
            ],
            [
              -34.8831844,
              -7.9963546
            ],
            [
              -34.8830362,
              -7.9963984
            ],
            [
              -34.8828437,
              -7.996421
            ],
            [
              -34.88267,
              -7.9964237
            ],
            [
              -34.8825064,
              -7.9964017
            ],
            [
              -34.882324,
              -7.9963519
            ],
            [
              -34.8821644,
              -7.9962955
            ],
            [
              -34.8819197,
              -7.9961856
            ],
            [
              -34.8818671,
              -7.9962351
            ],
            [
              -34.8818453,
              -7.9962636
            ],
            [
              -34.881805,
              -7.9963164
            ],
            [
              -34.8817521,
              -7.9963974
            ],
            [
              -34.8817066,
              -7.996414
            ],
            [
              -34.8814993,
              -7.9964449
            ],
            [
              -34.8813088,
              -7.9964542
            ],
            [
              -34.8811834,
              -7.9964429
            ],
            [
              -34.8810285,
              -7.996429
            ],
            [
              -34.8809209,
              -7.9964077
            ],
            [
              -34.8808532,
              -7.9964084
            ],
            [
              -34.880813,
              -7.996422
            ],
            [
              -34.8807295,
              -7.9964681
            ],
            [
              -34.880588,
              -7.9965764
            ],
            [
              -34.8805206,
              -7.9966352
            ],
            [
              -34.8804395,
              -7.9966939
            ],
            [
              -34.8801555,
              -7.996846
            ],
            [
              -34.880135,
              -7.9969569
            ],
            [
              -34.880125,
              -7.9970439
            ],
            [
              -34.8801263,
              -7.9971162
            ],
            [
              -34.8801424,
              -7.9971939
            ],
            [
              -34.8801629,
              -7.9972504
            ],
            [
              -34.8802896,
              -7.9975751
            ],
            [
              -34.8803593,
              -7.9977464
            ],
            [
              -34.8804639,
              -7.9980041
            ],
            [
              -34.8805149,
              -7.9981714
            ],
            [
              -34.8805551,
              -7.9983812
            ],
            [
              -34.8805545,
              -7.9985386
            ],
            [
              -34.8804331,
              -7.9990267
            ],
            [
              -34.8803526,
              -7.9993812
            ],
            [
              -34.8803191,
              -7.9995366
            ],
            [
              -34.8802976,
              -7.9997531
            ],
            [
              -34.8802722,
              -8.0001821
            ],
            [
              -34.8800271,
              -8.0011632
            ],
            [
              -34.8807683,
              -8.0013291
            ],
            [
              -34.8808989,
              -8.0013533
            ],
            [
              -34.8810205,
              -8.001382
            ],
            [
              -34.8811807,
              -8.0014211
            ],
            [
              -34.8812221,
              -8.0014345
            ],
            [
              -34.8816441,
              -8.0015838
            ],
            [
              -34.8817608,
              -8.0016237
            ],
            [
              -34.8818909,
              -8.0016721
            ],
            [
              -34.8820142,
              -8.0017239
            ],
            [
              -34.8822583,
              -8.0018388
            ],
            [
              -34.8825044,
              -8.0019683
            ],
            [
              -34.8826895,
              -8.0020818
            ],
            [
              -34.8827767,
              -8.002133
            ],
            [
              -34.8829101,
              -8.0022186
            ],
            [
              -34.8830107,
              -8.002295
            ],
            [
              -34.8831569,
              -8.0024178
            ],
            [
              -34.8833332,
              -8.0025633
            ],
            [
              -34.8835699,
              -8.0027751
            ],
            [
              -34.8836551,
              -8.0028641
            ],
            [
              -34.8837818,
              -8.0030022
            ],
            [
              -34.8838703,
              -8.0031044
            ],
            [
              -34.8845264,
              -8.0038881
            ],
            [
              -34.8847064,
              -8.0040961
            ],
            [
              -34.8850548,
              -8.0045274
            ],
            [
              -34.8850919,
              -8.0045702
            ],
            [
              -34.8851339,
              -8.004624
            ],
            [
              -34.8852284,
              -8.0047324
            ],
            [
              -34.8852513,
              -8.0047627
            ],
            [
              -34.8852712,
              -8.0047931
            ],
            [
              -34.885371,
              -8.0049055
            ],
            [
              -34.8854033,
              -8.0049465
            ],
            [
              -34.8855242,
              -8.005104
            ],
            [
              -34.8855778,
              -8.0051733
            ],
            [
              -34.8858231,
              -8.0054932
            ],
            [
              -34.8859243,
              -8.0056122
            ],
            [
              -34.8860369,
              -8.0057625
            ],
            [
              -34.8861911,
              -8.0056729
            ],
            [
              -34.8863145,
              -8.0056264
            ],
            [
              -34.8864716,
              -8.0055974
            ],
            [
              -34.886509,
              -8.0055905
            ],
            [
              -34.8867195,
              -8.0055567
            ],
            [
              -34.8869146,
              -8.0055162
            ],
            [
              -34.8872137,
              -8.0054471
            ],
            [
              -34.8874243,
              -8.0053999
            ],
            [
              -34.887616,
              -8.0053329
            ],
            [
              -34.8877501,
              -8.0052618
            ],
            [
              -34.8878688,
              -8.0051689
            ],
            [
              -34.8881122,
              -8.0049371
            ],
            [
              -34.8877354,
              -8.0042419
            ],
            [
              -34.887721,
              -8.0042197
            ],
            [
              -34.8877059,
              -8.0041821
            ],
            [
              -34.8873243,
              -8.0034337
            ],
            [
              -34.8872549,
              -8.0032949
            ],
            [
              -34.8870353,
              -8.0028553
            ],
            [
              -34.8869302,
              -8.0026662
            ],
            [
              -34.8868381,
              -8.0026069
            ],
            [
              -34.8869184,
              -8.0025367
            ],
            [
              -34.8870943,
              -8.0023006
            ],
            [
              -34.8880547,
              -8.0012454
            ],
            [
              -34.8882034,
              -8.0010386
            ],
            [
              -34.8885997,
              -8.000663
            ],
            [
              -34.8888938,
              -8.0002358
            ],
            [
              -34.8891769,
              -7.9998823
            ],
            [
              -34.8893061,
              -7.9996486
            ],
            [
              -34.8895408,
              -7.9994628
            ],
            [
              -34.8897502,
              -7.9993399
            ],
            [
              -34.89019,
              -7.9991688
            ]
          ]
        ]
      }
    },
    {
      "id": "('relation', 10221685)",
      "type": "Feature",
      "properties": {
        "nome": "SÃO BENEDITO",
        "valor": 55
      },
      "geometry": {
        "type": "Polygon",
        "coordinates": [
          [
            [
              -34.8987209,
              -8.0013303
            ],
            [
              -34.898513,
              -8.0007469
            ],
            [
              -34.8983288,
              -8.0007958
            ],
            [
              -34.8977842,
              -8.0009538
            ],
            [
              -34.8974134,
              -8.0002394
            ],
            [
              -34.8973252,
              -8.0000674
            ],
            [
              -34.8968811,
              -7.9992289
            ],
            [
              -34.8967087,
              -7.9988819
            ],
            [
              -34.896403,
              -7.9987358
            ],
            [
              -34.8958853,
              -7.9984343
            ],
            [
              -34.895792,
              -7.9983771
            ],
            [
              -34.8957626,
              -7.9983374
            ],
            [
              -34.8957531,
              -7.9982936
            ],
            [
              -34.8954769,
              -7.9982329
            ],
            [
              -34.8961127,
              -7.9980466
            ],
            [
              -34.896244,
              -7.9980253
            ],
            [
              -34.8960449,
              -7.997524
            ],
            [
              -34.8957801,
              -7.996698
            ],
            [
              -34.8954122,
              -7.9966925
            ],
            [
              -34.8951994,
              -7.9966864
            ],
            [
              -34.8950127,
              -7.9966739
            ],
            [
              -34.89498,
              -7.9967922
            ],
            [
              -34.8949331,
              -7.9969569
            ],
            [
              -34.8948929,
              -7.997101
            ],
            [
              -34.8948656,
              -7.9971995
            ],
            [
              -34.8948506,
              -7.9972517
            ],
            [
              -34.8948271,
              -7.9973723
            ],
            [
              -34.8947775,
              -7.9977537
            ],
            [
              -34.8947595,
              -7.9978898
            ],
            [
              -34.89475,
              -7.9980046
            ],
            [
              -34.8947419,
              -7.9981383
            ],
            [
              -34.8947574,
              -7.9984145
            ],
            [
              -34.8947799,
              -7.9986738
            ],
            [
              -34.8948039,
              -7.998836
            ],
            [
              -34.894839,
              -7.9990077
            ],
            [
              -34.89488,
              -7.9992052
            ],
            [
              -34.8949395,
              -7.9994735
            ],
            [
              -34.8949767,
              -7.9996117
            ],
            [
              -34.8949868,
              -7.9996446
            ],
            [
              -34.8940024,
              -7.9996894
            ],
            [
              -34.8938374,
              -7.9997106
            ],
            [
              -34.8936805,
              -7.9997518
            ],
            [
              -34.8935518,
              -7.9998182
            ],
            [
              -34.8933546,
              -7.9999576
            ],
            [
              -34.8926481,
              -8.0004754
            ],
            [
              -34.8918502,
              -8.0010019
            ],
            [
              -34.8914723,
              -8.0012676
            ],
            [
              -34.8910292,
              -8.0015978
            ],
            [
              -34.8905987,
              -8.0019338
            ],
            [
              -34.8914328,
              -8.0029537
            ],
            [
              -34.8914704,
              -8.0030467
            ],
            [
              -34.8916089,
              -8.0034587
            ],
            [
              -34.891612,
              -8.0035063
            ],
            [
              -34.8919103,
              -8.0035108
            ],
            [
              -34.8921409,
              -8.0035095
            ],
            [
              -34.8924239,
              -8.0035128
            ],
            [
              -34.8926841,
              -8.0034916
            ],
            [
              -34.8928732,
              -8.0034557
            ],
            [
              -34.8930812,
              -8.0034009
            ],
            [
              -34.8932987,
              -8.0033476
            ],
            [
              -34.8934838,
              -8.0033174
            ],
            [
              -34.8937316,
              -8.0032877
            ],
            [
              -34.8939058,
              -8.0032432
            ],
            [
              -34.8940808,
              -8.0032167
            ],
            [
              -34.8942404,
              -8.0031815
            ],
            [
              -34.894404,
              -8.0031403
            ],
            [
              -34.8945744,
              -8.0030885
            ],
            [
              -34.8947722,
              -8.0030461
            ],
            [
              -34.8948553,
              -8.0030265
            ],
            [
              -34.8950198,
              -8.0029762
            ],
            [
              -34.8951635,
              -8.0029296
            ],
            [
              -34.8952501,
              -8.0029
            ],
            [
              -34.8953852,
              -8.0028738
            ],
            [
              -34.8955628,
              -8.0028088
            ],
            [
              -34.8957019,
              -8.0027603
            ],
            [
              -34.8958491,
              -8.0027007
            ],
            [
              -34.896187,
              -8.0025261
            ],
            [
              -34.8964237,
              -8.00237
            ],
            [
              -34.896706,
              -8.0021516
            ],
            [
              -34.8969756,
              -8.0019324
            ],
            [
              -34.8972244,
              -8.0017498
            ],
            [
              -34.8973947,
              -8.0016423
            ],
            [
              -34.89762,
              -8.0015659
            ],
            [
              -34.8978151,
              -8.0015506
            ],
            [
              -34.8979948,
              -8.0015652
            ],
            [
              -34.8981477,
              -8.0016356
            ],
            [
              -34.8983885,
              -8.0017804
            ],
            [
              -34.8985648,
              -8.0018952
            ],
            [
              -34.8987016,
              -8.0019862
            ],
            [
              -34.8987209,
              -8.0013303
            ]
          ]
        ]
      }
    },
    {
      "id": "('relation', 10221752)",
      "type": "Feature",
      "properties": {
        "nome": "CAIXA D'ÁGUA",
        "valor": 80
      },
      "geometry": {
        "type": "Polygon",
        "coordinates": [
          [
            [
              -34.9068502,
              -7.9936872
            ],
            [
              -34.9064264,
              -7.9936068
            ],
            [
              -34.9063486,
              -7.9937476
            ],
            [
              -34.9052244,
              -7.9934767
            ],
            [
              -34.9052177,
              -7.9934108
            ],
            [
              -34.9051949,
              -7.9933422
            ],
            [
              -34.9051295,
              -7.9932197
            ],
            [
              -34.9050705,
              -7.9931354
            ],
            [
              -34.9049817,
              -7.9930132
            ],
            [
              -34.9048958,
              -7.9928907
            ],
            [
              -34.9048713,
              -7.9928498
            ],
            [
              -34.9048311,
              -7.9927482
            ],
            [
              -34.9048144,
              -7.9926822
            ],
            [
              -34.904803,
              -7.9925908
            ],
            [
              -34.9048016,
              -7.9924451
            ],
            [
              -34.9048454,
              -7.9918738
            ],
            [
              -34.9048744,
              -7.9914965
            ],
            [
              -34.9048757,
              -7.9914168
            ],
            [
              -34.9048761,
              -7.9913923
            ],
            [
              -34.9048895,
              -7.9912236
            ],
            [
              -34.9049672,
              -7.9906303
            ],
            [
              -34.904974,
              -7.9905589
            ],
            [
              -34.9049706,
              -7.9905287
            ],
            [
              -34.9049632,
              -7.9904928
            ],
            [
              -34.9049445,
              -7.9904613
            ],
            [
              -34.9048975,
              -7.9904234
            ],
            [
              -34.9048124,
              -7.990365
            ],
            [
              -34.9047486,
              -7.9903099
            ],
            [
              -34.904701,
              -7.9903424
            ],
            [
              -34.9046548,
              -7.9903683
            ],
            [
              -34.9045401,
              -7.9904135
            ],
            [
              -34.9044737,
              -7.9904513
            ],
            [
              -34.9043919,
              -7.9904965
            ],
            [
              -34.9042967,
              -7.9905011
            ],
            [
              -34.9042095,
              -7.9904971
            ],
            [
              -34.9040989,
              -7.9904792
            ],
            [
              -34.9039299,
              -7.9904586
            ],
            [
              -34.9038199,
              -7.990452
            ],
            [
              -34.9037576,
              -7.9904586
            ],
            [
              -34.9036858,
              -7.9904825
            ],
            [
              -34.9035819,
              -7.9905396
            ],
            [
              -34.9034967,
              -7.9905848
            ],
            [
              -34.9034102,
              -7.9906193
            ],
            [
              -34.9033365,
              -7.9906379
            ],
            [
              -34.9032526,
              -7.9906505
            ],
            [
              -34.9031591,
              -7.9906538
            ],
            [
              -34.9031165,
              -7.9906518
            ],
            [
              -34.9030562,
              -7.9906459
            ],
            [
              -34.9029133,
              -7.9906326
            ],
            [
              -34.9028208,
              -7.9906339
            ],
            [
              -34.902792,
              -7.9906602
            ],
            [
              -34.9027685,
              -7.9906953
            ],
            [
              -34.9027403,
              -7.9907515
            ],
            [
              -34.9027122,
              -7.9908491
            ],
            [
              -34.9026934,
              -7.9909845
            ],
            [
              -34.9026907,
              -7.9910509
            ],
            [
              -34.9026491,
              -7.9913942
            ],
            [
              -34.9026364,
              -7.9914487
            ],
            [
              -34.9026176,
              -7.9914846
            ],
            [
              -34.9025452,
              -7.9915619
            ],
            [
              -34.9025087,
              -7.9916078
            ],
            [
              -34.9023042,
              -7.9917668
            ],
            [
              -34.9018697,
              -7.9914626
            ],
            [
              -34.9017134,
              -7.9913756
            ],
            [
              -34.9014559,
              -7.9912362
            ],
            [
              -34.9013279,
              -7.9911598
            ],
            [
              -34.9011844,
              -7.9910715
            ],
            [
              -34.9010718,
              -7.9910203
            ],
            [
              -34.9009701,
              -7.9909739
            ],
            [
              -34.9008326,
              -7.9908345
            ],
            [
              -34.9007609,
              -7.9909487
            ],
            [
              -34.900718,
              -7.991031
            ],
            [
              -34.9006905,
              -7.9911061
            ],
            [
              -34.9006623,
              -7.9911997
            ],
            [
              -34.9006432,
              -7.9913504
            ],
            [
              -34.9004048,
              -7.9913757
            ],
            [
              -34.9003753,
              -7.9914102
            ],
            [
              -34.9003297,
              -7.9914819
            ],
            [
              -34.9003002,
              -7.9915031
            ],
            [
              -34.9002117,
              -7.9915031
            ],
            [
              -34.9001634,
              -7.9915058
            ],
            [
              -34.9000615,
              -7.9917156
            ],
            [
              -34.8998126,
              -7.9916518
            ],
            [
              -34.8997213,
              -7.9918758
            ],
            [
              -34.8996994,
              -7.9919447
            ],
            [
              -34.8996066,
              -7.9921936
            ],
            [
              -34.8994816,
              -7.9923898
            ],
            [
              -34.8994332,
              -7.9924879
            ],
            [
              -34.8993594,
              -7.9926519
            ],
            [
              -34.8993339,
              -7.9927107
            ],
            [
              -34.8992883,
              -7.992804
            ],
            [
              -34.8992454,
              -7.9929414
            ],
            [
              -34.899306,
              -7.9929751
            ],
            [
              -34.8994642,
              -7.9930113
            ],
            [
              -34.8995955,
              -7.9930751
            ],
            [
              -34.8997353,
              -7.9931963
            ],
            [
              -34.8998734,
              -7.9933317
            ],
            [
              -34.9000964,
              -7.9935895
            ],
            [
              -34.9003619,
              -7.9939149
            ],
            [
              -34.9005631,
              -7.9941035
            ],
            [
              -34.9007841,
              -7.9943308
            ],
            [
              -34.9006066,
              -7.9944521
            ],
            [
              -34.9005302,
              -7.9945086
            ],
            [
              -34.9004806,
              -7.9945604
            ],
            [
              -34.9003753,
              -7.9946653
            ],
            [
              -34.9002888,
              -7.9947383
            ],
            [
              -34.9001229,
              -7.9947821
            ],
            [
              -34.8998926,
              -7.9948986
            ],
            [
              -34.8997738,
              -7.9949721
            ],
            [
              -34.8996651,
              -7.9950165
            ],
            [
              -34.899524,
              -7.9950927
            ],
            [
              -34.8994568,
              -7.9950559
            ],
            [
              -34.8993658,
              -7.994943
            ],
            [
              -34.8992992,
              -7.9948667
            ],
            [
              -34.8991405,
              -7.9951784
            ],
            [
              -34.8989539,
              -7.9957084
            ],
            [
              -34.8989364,
              -7.9957871
            ],
            [
              -34.8988525,
              -7.9961547
            ],
            [
              -34.898648,
              -7.9961102
            ],
            [
              -34.8984998,
              -7.9960697
            ],
            [
              -34.8983046,
              -7.996006
            ],
            [
              -34.8982309,
              -7.9959867
            ],
            [
              -34.8981678,
              -7.9959748
            ],
            [
              -34.8980673,
              -7.9959628
            ],
            [
              -34.897907,
              -7.9959369
            ],
            [
              -34.897783,
              -7.9959031
            ],
            [
              -34.8976904,
              -7.9958798
            ],
            [
              -34.8976435,
              -7.9958745
            ],
            [
              -34.8975831,
              -7.9958718
            ],
            [
              -34.8975375,
              -7.9958546
            ],
            [
              -34.8974691,
              -7.9958234
            ],
            [
              -34.8973558,
              -7.9957769
            ],
            [
              -34.8971882,
              -7.9957092
            ],
            [
              -34.8970655,
              -7.9956753
            ],
            [
              -34.8969253,
              -7.9956487
            ],
            [
              -34.8968241,
              -7.9956374
            ],
            [
              -34.8967389,
              -7.9956335
            ],
            [
              -34.8966175,
              -7.9956361
            ],
            [
              -34.8963138,
              -7.9956753
            ],
            [
              -34.8959852,
              -7.9957231
            ],
            [
              -34.8959021,
              -7.9957404
            ],
            [
              -34.8958565,
              -7.9957676
            ],
            [
              -34.8958182,
              -7.9957955
            ],
            [
              -34.8957897,
              -7.9958496
            ],
            [
              -34.8957783,
              -7.9959105
            ],
            [
              -34.8957801,
              -7.996698
            ],
            [
              -34.8960449,
              -7.997524
            ],
            [
              -34.896244,
              -7.9980253
            ],
            [
              -34.8961127,
              -7.9980466
            ],
            [
              -34.8954769,
              -7.9982329
            ],
            [
              -34.8957531,
              -7.9982936
            ],
            [
              -34.8957626,
              -7.9983374
            ],
            [
              -34.895792,
              -7.9983771
            ],
            [
              -34.8958853,
              -7.9984343
            ],
            [
              -34.896403,
              -7.9987358
            ],
            [
              -34.8967087,
              -7.9988819
            ],
            [
              -34.8968811,
              -7.9992289
            ],
            [
              -34.8973252,
              -8.0000674
            ],
            [
              -34.8974134,
              -8.0002394
            ],
            [
              -34.8977842,
              -8.0009538
            ],
            [
              -34.8983288,
              -8.0007958
            ],
            [
              -34.898513,
              -8.0007469
            ],
            [
              -34.8987209,
              -8.0013303
            ],
            [
              -34.8987016,
              -8.0019862
            ],
            [
              -34.8988827,
              -8.00205
            ],
            [
              -34.8990275,
              -8.0020666
            ],
            [
              -34.8991576,
              -8.002052
            ],
            [
              -34.8992535,
              -8.0020108
            ],
            [
              -34.8994097,
              -8.0019138
            ],
            [
              -34.8994651,
              -8.0018757
            ],
            [
              -34.8997745,
              -8.0016628
            ],
            [
              -34.9007408,
              -8.0010446
            ],
            [
              -34.9014623,
              -8.0006116
            ],
            [
              -34.9019444,
              -8.0003096
            ],
            [
              -34.9021958,
              -8.0001303
            ],
            [
              -34.9022609,
              -8.0000838
            ],
            [
              -34.9026123,
              -7.9998487
            ],
            [
              -34.9029489,
              -7.9996601
            ],
            [
              -34.9032077,
              -7.9994848
            ],
            [
              -34.9033458,
              -7.9993862
            ],
            [
              -34.903539,
              -7.9992484
            ],
            [
              -34.9037509,
              -7.9991249
            ],
            [
              -34.9040164,
              -7.9989775
            ],
            [
              -34.9044348,
              -7.9987026
            ],
            [
              -34.9044515,
              -7.9986926
            ],
            [
              -34.904809,
              -7.9984782
            ],
            [
              -34.9052583,
              -7.9981767
            ],
            [
              -34.9057505,
              -7.9978712
            ],
            [
              -34.9060951,
              -7.9976667
            ],
            [
              -34.9058973,
              -7.9973447
            ],
            [
              -34.9055902,
              -7.9968546
            ],
            [
              -34.9058222,
              -7.996747
            ],
            [
              -34.9060378,
              -7.9966365
            ],
            [
              -34.9061752,
              -7.9965638
            ],
            [
              -34.9062782,
              -7.9965023
            ],
            [
              -34.9063687,
              -7.9964316
            ],
            [
              -34.9064747,
              -7.9963353
            ],
            [
              -34.9065491,
              -7.9962318
            ],
            [
              -34.9066637,
              -7.9960438
            ],
            [
              -34.9067207,
              -7.995921
            ],
            [
              -34.9067576,
              -7.9958015
            ],
            [
              -34.9067918,
              -7.9956627
            ],
            [
              -34.9068072,
              -7.9955544
            ],
            [
              -34.906826,
              -7.995403
            ],
            [
              -34.9068333,
              -7.9952705
            ],
            [
              -34.9068341,
              -7.9952556
            ],
            [
              -34.9068323,
              -7.9949451
            ],
            [
              -34.9068441,
              -7.9940126
            ],
            [
              -34.9068502,
              -7.9936872
            ]
          ]
        ]
      }
    },
    {
      "id": "('relation', 10230611)",
      "type": "Feature",
      "properties": {
        "nome": "ÁGUAS COMPRIDAS",
        "valor": 67
      },
      "geometry": {
        "type": "Polygon",
        "coordinates": [
          [
            [
              -34.9078962,
              -7.9879419
            ],
            [
              -34.9076977,
              -7.987819
            ],
            [
              -34.907628,
              -7.9877792
            ],
            [
              -34.9075247,
              -7.98774
            ],
            [
              -34.9073081,
              -7.9877081
            ],
            [
              -34.9072002,
              -7.9876809
            ],
            [
              -34.9070701,
              -7.9876212
            ],
            [
              -34.9067898,
              -7.9874541
            ],
            [
              -34.9065229,
              -7.9872832
            ],
            [
              -34.9063969,
              -7.9871955
            ],
            [
              -34.9062755,
              -7.9871072
            ],
            [
              -34.9061816,
              -7.9870441
            ],
            [
              -34.9059033,
              -7.986896
            ],
            [
              -34.9055433,
              -7.9866882
            ],
            [
              -34.9053475,
              -7.9865607
            ],
            [
              -34.9051563,
              -7.9864518
            ],
            [
              -34.9049304,
              -7.9863229
            ],
            [
              -34.904771,
              -7.9864955
            ],
            [
              -34.9046669,
              -7.9865761
            ],
            [
              -34.9046386,
              -7.986598
            ],
            [
              -34.904421,
              -7.9866269
            ],
            [
              -34.9042913,
              -7.9867592
            ],
            [
              -34.9041733,
              -7.9867247
            ],
            [
              -34.9040741,
              -7.9866981
            ],
            [
              -34.903881,
              -7.9866556
            ],
            [
              -34.9038032,
              -7.986653
            ],
            [
              -34.9035792,
              -7.9867413
            ],
            [
              -34.9034659,
              -7.9866782
            ],
            [
              -34.9033512,
              -7.9866397
            ],
            [
              -34.9032044,
              -7.9866045
            ],
            [
              -34.9031199,
              -7.9865925
            ],
            [
              -34.9030119,
              -7.9865832
            ],
            [
              -34.9027537,
              -7.9865627
            ],
            [
              -34.9027333,
              -7.9865854
            ],
            [
              -34.9026849,
              -7.9866288
            ],
            [
              -34.9026025,
              -7.9866646
            ],
            [
              -34.9025435,
              -7.9866825
            ],
            [
              -34.9024701,
              -7.9867051
            ],
            [
              -34.9023853,
              -7.986729
            ],
            [
              -34.9022934,
              -7.9867592
            ],
            [
              -34.9022083,
              -7.9867928
            ],
            [
              -34.9021013,
              -7.9868316
            ],
            [
              -34.9020041,
              -7.9868754
            ],
            [
              -34.9018257,
              -7.9869584
            ],
            [
              -34.9016574,
              -7.9870424
            ],
            [
              -34.9015159,
              -7.9871166
            ],
            [
              -34.9014984,
              -7.9871258
            ],
            [
              -34.9012973,
              -7.9871915
            ],
            [
              -34.901078,
              -7.9872466
            ],
            [
              -34.9009079,
              -7.9873004
            ],
            [
              -34.900661,
              -7.9873861
            ],
            [
              -34.9004866,
              -7.9874578
            ],
            [
              -34.900201,
              -7.9875939
            ],
            [
              -34.9001024,
              -7.9876537
            ],
            [
              -34.9000206,
              -7.9877181
            ],
            [
              -34.8999575,
              -7.9877878
            ],
            [
              -34.8998905,
              -7.9878854
            ],
            [
              -34.8998228,
              -7.988005
            ],
            [
              -34.8997517,
              -7.9881384
            ],
            [
              -34.8996981,
              -7.9882533
            ],
            [
              -34.8996136,
              -7.9884041
            ],
            [
              -34.8995512,
              -7.9884977
            ],
            [
              -34.8994271,
              -7.9886318
            ],
            [
              -34.8990496,
              -7.9889997
            ],
            [
              -34.8989397,
              -7.9891046
            ],
            [
              -34.8988941,
              -7.9891544
            ],
            [
              -34.8988297,
              -7.9892238
            ],
            [
              -34.8987493,
              -7.9893226
            ],
            [
              -34.8987206,
              -7.9892975
            ],
            [
              -34.898698,
              -7.9892721
            ],
            [
              -34.8986695,
              -7.9892413
            ],
            [
              -34.8986495,
              -7.9892185
            ],
            [
              -34.8986138,
              -7.9891583
            ],
            [
              -34.8986114,
              -7.9891006
            ],
            [
              -34.8986289,
              -7.9890468
            ],
            [
              -34.8986487,
              -7.9889931
            ],
            [
              -34.8986691,
              -7.9889349
            ],
            [
              -34.8988029,
              -7.9886235
            ],
            [
              -34.8988659,
              -7.9884576
            ],
            [
              -34.8988948,
              -7.9884053
            ],
            [
              -34.8990405,
              -7.9879692
            ],
            [
              -34.8990633,
              -7.9877771
            ],
            [
              -34.8990536,
              -7.9876457
            ],
            [
              -34.899006,
              -7.9873429
            ],
            [
              -34.89899,
              -7.9871125
            ],
            [
              -34.8989859,
              -7.9869684
            ],
            [
              -34.8989826,
              -7.9866636
            ],
            [
              -34.8989953,
              -7.9865274
            ],
            [
              -34.899002,
              -7.9864152
            ],
            [
              -34.8990102,
              -7.9863682
            ],
            [
              -34.8990255,
              -7.9863187
            ],
            [
              -34.8990578,
              -7.9862553
            ],
            [
              -34.8991007,
              -7.986179
            ],
            [
              -34.8991333,
              -7.9861275
            ],
            [
              -34.8991971,
              -7.9860839
            ],
            [
              -34.8992622,
              -7.9860347
            ],
            [
              -34.899348,
              -7.9859624
            ],
            [
              -34.8994017,
              -7.9858993
            ],
            [
              -34.8994372,
              -7.9858402
            ],
            [
              -34.8995103,
              -7.9856974
            ],
            [
              -34.8995767,
              -7.9855626
            ],
            [
              -34.8996196,
              -7.985459
            ],
            [
              -34.8996397,
              -7.9853913
            ],
            [
              -34.8996431,
              -7.985297
            ],
            [
              -34.8996189,
              -7.9852067
            ],
            [
              -34.899566,
              -7.9851037
            ],
            [
              -34.899458,
              -7.9849497
            ],
            [
              -34.8993886,
              -7.9848519
            ],
            [
              -34.8993658,
              -7.9848082
            ],
            [
              -34.8993128,
              -7.9846854
            ],
            [
              -34.899285,
              -7.9845918
            ],
            [
              -34.8992692,
              -7.9845257
            ],
            [
              -34.8992652,
              -7.9844686
            ],
            [
              -34.8992823,
              -7.9843494
            ],
            [
              -34.8993265,
              -7.9839295
            ],
            [
              -34.8993357,
              -7.9838356
            ],
            [
              -34.8993034,
              -7.9837325
            ],
            [
              -34.8992192,
              -7.9833592
            ],
            [
              -34.8991086,
              -7.9829383
            ],
            [
              -34.8990563,
              -7.9827663
            ],
            [
              -34.8990161,
              -7.9826222
            ],
            [
              -34.8989774,
              -7.9825077
            ],
            [
              -34.8989739,
              -7.9824973
            ],
            [
              -34.8989617,
              -7.9824905
            ],
            [
              -34.8988713,
              -7.9824396
            ],
            [
              -34.8987499,
              -7.9823911
            ],
            [
              -34.898591,
              -7.9823473
            ],
            [
              -34.8983596,
              -7.9823121
            ],
            [
              -34.8982428,
              -7.9822967
            ],
            [
              -34.8976579,
              -7.9822444
            ],
            [
              -34.8975644,
              -7.9822344
            ],
            [
              -34.8974034,
              -7.9821925
            ],
            [
              -34.8970132,
              -7.9821042
            ],
            [
              -34.8968127,
              -7.9820537
            ],
            [
              -34.8963992,
              -7.9819516
            ],
            [
              -34.8960213,
              -7.9818632
            ],
            [
              -34.8956597,
              -7.9817697
            ],
            [
              -34.8953663,
              -7.9816892
            ],
            [
              -34.8952039,
              -7.9816432
            ],
            [
              -34.8947761,
              -7.9815193
            ],
            [
              -34.894594,
              -7.981463
            ],
            [
              -34.8943786,
              -7.981389
            ],
            [
              -34.8943608,
              -7.9814348
            ],
            [
              -34.8943221,
              -7.9815795
            ],
            [
              -34.8943025,
              -7.9817071
            ],
            [
              -34.8943106,
              -7.9818549
            ],
            [
              -34.8943423,
              -7.9824223
            ],
            [
              -34.8943457,
              -7.9825206
            ],
            [
              -34.894337,
              -7.9826514
            ],
            [
              -34.8943202,
              -7.9827477
            ],
            [
              -34.8943001,
              -7.9828148
            ],
            [
              -34.8942639,
              -7.9828911
            ],
            [
              -34.8942102,
              -7.9829376
            ],
            [
              -34.8941452,
              -7.9829854
            ],
            [
              -34.893885,
              -7.9831441
            ],
            [
              -34.8937469,
              -7.9832696
            ],
            [
              -34.8937047,
              -7.9833221
            ],
            [
              -34.8936296,
              -7.9834257
            ],
            [
              -34.8936007,
              -7.9834928
            ],
            [
              -34.8935726,
              -7.9835704
            ],
            [
              -34.893535,
              -7.9836256
            ],
            [
              -34.8934706,
              -7.9836807
            ],
            [
              -34.8933875,
              -7.9837205
            ],
            [
              -34.8931742,
              -7.9838288
            ],
            [
              -34.8931072,
              -7.9838865
            ],
            [
              -34.8930696,
              -7.9839363
            ],
            [
              -34.8930401,
              -7.9840008
            ],
            [
              -34.8930133,
              -7.9840711
            ],
            [
              -34.8929878,
              -7.9841561
            ],
            [
              -34.8929838,
              -7.9842272
            ],
            [
              -34.8929942,
              -7.9842813
            ],
            [
              -34.8930183,
              -7.9843441
            ],
            [
              -34.8931012,
              -7.9844789
            ],
            [
              -34.8931769,
              -7.9846024
            ],
            [
              -34.8932168,
              -7.9846824
            ],
            [
              -34.8932527,
              -7.9847604
            ],
            [
              -34.8932648,
              -7.9848361
            ],
            [
              -34.89325,
              -7.9849025
            ],
            [
              -34.8931991,
              -7.98503
            ],
            [
              -34.8931407,
              -7.9851627
            ],
            [
              -34.8929121,
              -7.9855506
            ],
            [
              -34.8927391,
              -7.9858402
            ],
            [
              -34.892562,
              -7.9861483
            ],
            [
              -34.8924615,
              -7.9863024
            ],
            [
              -34.8923931,
              -7.986398
            ],
            [
              -34.8922983,
              -7.9864846
            ],
            [
              -34.8921657,
              -7.9865832
            ],
            [
              -34.8921424,
              -7.9865932
            ],
            [
              -34.8920088,
              -7.9866503
            ],
            [
              -34.8918211,
              -7.9867076
            ],
            [
              -34.8916179,
              -7.9867426
            ],
            [
              -34.8918694,
              -7.9874817
            ],
            [
              -34.8918915,
              -7.9876198
            ],
            [
              -34.8919156,
              -7.9877241
            ],
            [
              -34.8919518,
              -7.9878376
            ],
            [
              -34.8920735,
              -7.988094
            ],
            [
              -34.8921396,
              -7.9882447
            ],
            [
              -34.8922536,
              -7.988509
            ],
            [
              -34.8920551,
              -7.9886823
            ],
            [
              -34.8918553,
              -7.9888164
            ],
            [
              -34.8916286,
              -7.9889532
            ],
            [
              -34.8915716,
              -7.9889891
            ],
            [
              -34.8915172,
              -7.9890152
            ],
            [
              -34.8914858,
              -7.9890303
            ],
            [
              -34.8913691,
              -7.9890681
            ],
            [
              -34.8909574,
              -7.9889532
            ],
            [
              -34.890937,
              -7.9890147
            ],
            [
              -34.8909098,
              -7.9890967
            ],
            [
              -34.8908883,
              -7.9892534
            ],
            [
              -34.8908776,
              -7.9893795
            ],
            [
              -34.8908776,
              -7.9896757
            ],
            [
              -34.890885,
              -7.9900031
            ],
            [
              -34.8908783,
              -7.990191
            ],
            [
              -34.8908843,
              -7.9903451
            ],
            [
              -34.8909085,
              -7.9904951
            ],
            [
              -34.8909366,
              -7.9906133
            ],
            [
              -34.8909621,
              -7.990697
            ],
            [
              -34.8910415,
              -7.9908872
            ],
            [
              -34.8906597,
              -7.9910921
            ],
            [
              -34.8903606,
              -7.9912448
            ],
            [
              -34.890193,
              -7.9913066
            ],
            [
              -34.8900522,
              -7.9913245
            ],
            [
              -34.889973,
              -7.9913332
            ],
            [
              -34.8898275,
              -7.9913438
            ],
            [
              -34.8899201,
              -7.9916386
            ],
            [
              -34.8900408,
              -7.9917953
            ],
            [
              -34.8901749,
              -7.9918086
            ],
            [
              -34.8902902,
              -7.9917688
            ],
            [
              -34.8904485,
              -7.9917581
            ],
            [
              -34.8905718,
              -7.9917688
            ],
            [
              -34.8906818,
              -7.9917688
            ],
            [
              -34.8908454,
              -7.9916174
            ],
            [
              -34.8909313,
              -7.9915908
            ],
            [
              -34.891009,
              -7.9916439
            ],
            [
              -34.8910144,
              -7.991721
            ],
            [
              -34.8909768,
              -7.9918378
            ],
            [
              -34.8909661,
              -7.9919547
            ],
            [
              -34.8909715,
              -7.9920928
            ],
            [
              -34.8909742,
              -7.9922017
            ],
            [
              -34.8909634,
              -7.9923292
            ],
            [
              -34.8909742,
              -7.9924248
            ],
            [
              -34.891052,
              -7.9925417
            ],
            [
              -34.89106,
              -7.992648
            ],
            [
              -34.8910788,
              -7.9927622
            ],
            [
              -34.8911217,
              -7.9928259
            ],
            [
              -34.8911941,
              -7.9928923
            ],
            [
              -34.8912531,
              -7.992964
            ],
            [
              -34.8912638,
              -7.9930384
            ],
            [
              -34.8912478,
              -7.9932376
            ],
            [
              -34.8912638,
              -7.9932934
            ],
            [
              -34.8912585,
              -7.993391
            ],
            [
              -34.891287,
              -7.9935295
            ],
            [
              -34.8913054,
              -7.9936301
            ],
            [
              -34.8913282,
              -7.9937781
            ],
            [
              -34.8913403,
              -7.9938612
            ],
            [
              -34.8913557,
              -7.9939574
            ],
            [
              -34.8913886,
              -7.994055
            ],
            [
              -34.8914187,
              -7.9941454
            ],
            [
              -34.8914516,
              -7.9941852
            ],
            [
              -34.8914784,
              -7.9941965
            ],
            [
              -34.891522,
              -7.9941958
            ],
            [
              -34.8915579,
              -7.9941683
            ],
            [
              -34.8915039,
              -7.9942655
            ],
            [
              -34.8915039,
              -7.994316
            ],
            [
              -34.89152,
              -7.9943439
            ],
            [
              -34.8915964,
              -7.9944156
            ],
            [
              -34.891642,
              -7.9944501
            ],
            [
              -34.8916581,
              -7.994478
            ],
            [
              -34.8916675,
              -7.9945099
            ],
            [
              -34.8917359,
              -7.9946348
            ],
            [
              -34.8918003,
              -7.9946826
            ],
            [
              -34.8918915,
              -7.9947197
            ],
            [
              -34.891988,
              -7.9947543
            ],
            [
              -34.8921338,
              -7.9948401
            ],
            [
              -34.8922301,
              -7.9949044
            ],
            [
              -34.8923287,
              -7.994982
            ],
            [
              -34.8924266,
              -7.9950743
            ],
            [
              -34.8925238,
              -7.99517
            ],
            [
              -34.8927719,
              -7.9954097
            ],
            [
              -34.8931488,
              -7.9956985
            ],
            [
              -34.8933613,
              -7.9958645
            ],
            [
              -34.8934787,
              -7.9959675
            ],
            [
              -34.8936979,
              -7.9961673
            ],
            [
              -34.8937435,
              -7.9960106
            ],
            [
              -34.8937717,
              -7.9958758
            ],
            [
              -34.8938025,
              -7.9956213
            ],
            [
              -34.8940305,
              -7.9956899
            ],
            [
              -34.8942981,
              -7.9957663
            ],
            [
              -34.8944624,
              -7.9958157
            ],
            [
              -34.8945227,
              -7.9958347
            ],
            [
              -34.8947172,
              -7.9958871
            ],
            [
              -34.8950951,
              -7.9959897
            ],
            [
              -34.8950849,
              -7.9961192
            ],
            [
              -34.8950706,
              -7.9963006
            ],
            [
              -34.895052,
              -7.9964708
            ],
            [
              -34.8950127,
              -7.9966739
            ],
            [
              -34.8951994,
              -7.9966864
            ],
            [
              -34.8954122,
              -7.9966925
            ],
            [
              -34.8957801,
              -7.996698
            ],
            [
              -34.8957783,
              -7.9959105
            ],
            [
              -34.8957897,
              -7.9958496
            ],
            [
              -34.8958182,
              -7.9957955
            ],
            [
              -34.8958565,
              -7.9957676
            ],
            [
              -34.8959021,
              -7.9957404
            ],
            [
              -34.8959852,
              -7.9957231
            ],
            [
              -34.8963138,
              -7.9956753
            ],
            [
              -34.8966175,
              -7.9956361
            ],
            [
              -34.8967389,
              -7.9956335
            ],
            [
              -34.8968241,
              -7.9956374
            ],
            [
              -34.8969253,
              -7.9956487
            ],
            [
              -34.8970655,
              -7.9956753
            ],
            [
              -34.8971882,
              -7.9957092
            ],
            [
              -34.8973558,
              -7.9957769
            ],
            [
              -34.8974691,
              -7.9958234
            ],
            [
              -34.8975375,
              -7.9958546
            ],
            [
              -34.8975831,
              -7.9958718
            ],
            [
              -34.8976435,
              -7.9958745
            ],
            [
              -34.8976904,
              -7.9958798
            ],
            [
              -34.897783,
              -7.9959031
            ],
            [
              -34.897907,
              -7.9959369
            ],
            [
              -34.8980673,
              -7.9959628
            ],
            [
              -34.8981678,
              -7.9959748
            ],
            [
              -34.8982309,
              -7.9959867
            ],
            [
              -34.8983046,
              -7.996006
            ],
            [
              -34.8984998,
              -7.9960697
            ],
            [
              -34.898648,
              -7.9961102
            ],
            [
              -34.8988525,
              -7.9961547
            ],
            [
              -34.8989364,
              -7.9957871
            ],
            [
              -34.8989539,
              -7.9957084
            ],
            [
              -34.8991405,
              -7.9951784
            ],
            [
              -34.8992992,
              -7.9948667
            ],
            [
              -34.8993658,
              -7.994943
            ],
            [
              -34.8994568,
              -7.9950559
            ],
            [
              -34.899524,
              -7.9950927
            ],
            [
              -34.8996651,
              -7.9950165
            ],
            [
              -34.8997738,
              -7.9949721
            ],
            [
              -34.8998926,
              -7.9948986
            ],
            [
              -34.9001229,
              -7.9947821
            ],
            [
              -34.9002888,
              -7.9947383
            ],
            [
              -34.9003753,
              -7.9946653
            ],
            [
              -34.9004806,
              -7.9945604
            ],
            [
              -34.9005302,
              -7.9945086
            ],
            [
              -34.9006066,
              -7.9944521
            ],
            [
              -34.9007841,
              -7.9943308
            ],
            [
              -34.9005631,
              -7.9941035
            ],
            [
              -34.9003619,
              -7.9939149
            ],
            [
              -34.9000964,
              -7.9935895
            ],
            [
              -34.8998734,
              -7.9933317
            ],
            [
              -34.8997353,
              -7.9931963
            ],
            [
              -34.8995955,
              -7.9930751
            ],
            [
              -34.8994642,
              -7.9930113
            ],
            [
              -34.899306,
              -7.9929751
            ],
            [
              -34.8992454,
              -7.9929414
            ],
            [
              -34.8992883,
              -7.992804
            ],
            [
              -34.8993339,
              -7.9927107
            ],
            [
              -34.8993594,
              -7.9926519
            ],
            [
              -34.8994332,
              -7.9924879
            ],
            [
              -34.8994816,
              -7.9923898
            ],
            [
              -34.8996066,
              -7.9921936
            ],
            [
              -34.8996994,
              -7.9919447
            ],
            [
              -34.8997213,
              -7.9918758
            ],
            [
              -34.8998126,
              -7.9916518
            ],
            [
              -34.9000615,
              -7.9917156
            ],
            [
              -34.9001634,
              -7.9915058
            ],
            [
              -34.9002117,
              -7.9915031
            ],
            [
              -34.9003002,
              -7.9915031
            ],
            [
              -34.9003297,
              -7.9914819
            ],
            [
              -34.9003753,
              -7.9914102
            ],
            [
              -34.9004048,
              -7.9913757
            ],
            [
              -34.9006432,
              -7.9913504
            ],
            [
              -34.9006623,
              -7.9911997
            ],
            [
              -34.9006905,
              -7.9911061
            ],
            [
              -34.900718,
              -7.991031
            ],
            [
              -34.9007609,
              -7.9909487
            ],
            [
              -34.9008326,
              -7.9908345
            ],
            [
              -34.9009701,
              -7.9909739
            ],
            [
              -34.9010718,
              -7.9910203
            ],
            [
              -34.9011844,
              -7.9910715
            ],
            [
              -34.9013279,
              -7.9911598
            ],
            [
              -34.9014559,
              -7.9912362
            ],
            [
              -34.9017134,
              -7.9913756
            ],
            [
              -34.9018697,
              -7.9914626
            ],
            [
              -34.9023042,
              -7.9917668
            ],
            [
              -34.9025087,
              -7.9916078
            ],
            [
              -34.9025452,
              -7.9915619
            ],
            [
              -34.9026176,
              -7.9914846
            ],
            [
              -34.9026364,
              -7.9914487
            ],
            [
              -34.9026491,
              -7.9913942
            ],
            [
              -34.9026907,
              -7.9910509
            ],
            [
              -34.9026934,
              -7.9909845
            ],
            [
              -34.9027122,
              -7.9908491
            ],
            [
              -34.9027403,
              -7.9907515
            ],
            [
              -34.9027685,
              -7.9906953
            ],
            [
              -34.902792,
              -7.9906602
            ],
            [
              -34.9028208,
              -7.9906339
            ],
            [
              -34.9029133,
              -7.9906326
            ],
            [
              -34.9030562,
              -7.9906459
            ],
            [
              -34.9031165,
              -7.9906518
            ],
            [
              -34.9031591,
              -7.9906538
            ],
            [
              -34.9032526,
              -7.9906505
            ],
            [
              -34.9033365,
              -7.9906379
            ],
            [
              -34.9034102,
              -7.9906193
            ],
            [
              -34.9034967,
              -7.9905848
            ],
            [
              -34.9035819,
              -7.9905396
            ],
            [
              -34.9036858,
              -7.9904825
            ],
            [
              -34.9037576,
              -7.9904586
            ],
            [
              -34.9038199,
              -7.990452
            ],
            [
              -34.9039299,
              -7.9904586
            ],
            [
              -34.9040989,
              -7.9904792
            ],
            [
              -34.9042095,
              -7.9904971
            ],
            [
              -34.9042967,
              -7.9905011
            ],
            [
              -34.9043919,
              -7.9904965
            ],
            [
              -34.9044737,
              -7.9904513
            ],
            [
              -34.9045401,
              -7.9904135
            ],
            [
              -34.9046548,
              -7.9903683
            ],
            [
              -34.904701,
              -7.9903424
            ],
            [
              -34.9047486,
              -7.9903099
            ],
            [
              -34.9048043,
              -7.9901631
            ],
            [
              -34.9048338,
              -7.9900854
            ],
            [
              -34.9048776,
              -7.9899586
            ],
            [
              -34.9049049,
              -7.9898948
            ],
            [
              -34.9049374,
              -7.9898391
            ],
            [
              -34.9049978,
              -7.9897574
            ],
            [
              -34.9052385,
              -7.989445
            ],
            [
              -34.9054688,
              -7.9892793
            ],
            [
              -34.9056204,
              -7.9891697
            ],
            [
              -34.9056653,
              -7.9891265
            ],
            [
              -34.9057002,
              -7.9890681
            ],
            [
              -34.9057357,
              -7.988933
            ],
            [
              -34.9061618,
              -7.9889144
            ],
            [
              -34.9063114,
              -7.9889071
            ],
            [
              -34.9064805,
              -7.988904
            ],
            [
              -34.9065823,
              -7.9888984
            ],
            [
              -34.9067157,
              -7.9888819
            ],
            [
              -34.9068207,
              -7.9888812
            ],
            [
              -34.9069383,
              -7.9888662
            ],
            [
              -34.9070057,
              -7.9888457
            ],
            [
              -34.9071193,
              -7.9887978
            ],
            [
              -34.9072822,
              -7.9887057
            ],
            [
              -34.9073281,
              -7.9886786
            ],
            [
              -34.9073779,
              -7.9886298
            ],
            [
              -34.9074342,
              -7.9885721
            ],
            [
              -34.9075341,
              -7.9884358
            ],
            [
              -34.9078962,
              -7.9879419
            ]
          ]
        ]
      }
    },
    {
      "id": "('relation', 10230612)",
      "type": "Feature",
      "properties": {
        "nome": "PASSARINHO",
        "valor": 48
      },
      "geometry": {
        "type": "Polygon",
        "coordinates": [
          [
            [
              -34.9166982,
              -7.9872262
            ],
            [
              -34.9166991,
              -7.9871963
            ],
            [
              -34.9167004,
              -7.9871546
            ],
            [
              -34.9167368,
              -7.9870235
            ],
            [
              -34.9167582,
              -7.986896
            ],
            [
              -34.9167569,
              -7.9868017
            ],
            [
              -34.9167261,
              -7.9867353
            ],
            [
              -34.9166362,
              -7.9866822
            ],
            [
              -34.9165222,
              -7.9866543
            ],
            [
              -34.9164109,
              -7.9866078
            ],
            [
              -34.9163318,
              -7.9865507
            ],
            [
              -34.91625,
              -7.9864259
            ],
            [
              -34.916195,
              -7.9862692
            ],
            [
              -34.9161601,
              -7.9860553
            ],
            [
              -34.9161614,
              -7.9859092
            ],
            [
              -34.9161936,
              -7.985795
            ],
            [
              -34.9162352,
              -7.9856835
            ],
            [
              -34.9162969,
              -7.9855931
            ],
            [
              -34.9163613,
              -7.9855068
            ],
            [
              -34.9164404,
              -7.9854338
            ],
            [
              -34.9165142,
              -7.9853767
            ],
            [
              -34.9165759,
              -7.9853209
            ],
            [
              -34.9166885,
              -7.9851921
            ],
            [
              -34.9167247,
              -7.9850871
            ],
            [
              -34.9167059,
              -7.9850141
            ],
            [
              -34.9166416,
              -7.984957
            ],
            [
              -34.916486,
              -7.9849145
            ],
            [
              -34.9163894,
              -7.9848839
            ],
            [
              -34.9163385,
              -7.9848375
            ],
            [
              -34.9163102,
              -7.9847637
            ],
            [
              -34.9162718,
              -7.9846569
            ],
            [
              -34.9162375,
              -7.9845481
            ],
            [
              -34.9162073,
              -7.9843971
            ],
            [
              -34.916188,
              -7.9842136
            ],
            [
              -34.916079,
              -7.9842095
            ],
            [
              -34.9160235,
              -7.9842072
            ],
            [
              -34.915832,
              -7.9841379
            ],
            [
              -34.9157785,
              -7.9842117
            ],
            [
              -34.9157227,
              -7.9839583
            ],
            [
              -34.9156755,
              -7.9836918
            ],
            [
              -34.9155831,
              -7.9833623
            ],
            [
              -34.9153568,
              -7.9831175
            ],
            [
              -34.9150431,
              -7.9829236
            ],
            [
              -34.9146785,
              -7.9827368
            ],
            [
              -34.9143654,
              -7.9825595
            ],
            [
              -34.9139325,
              -7.9824542
            ],
            [
              -34.9136905,
              -7.9835253
            ],
            [
              -34.913431,
              -7.9843354
            ],
            [
              -34.9134417,
              -7.9843733
            ],
            [
              -34.9134591,
              -7.9843912
            ],
            [
              -34.9134967,
              -7.9844098
            ],
            [
              -34.9139338,
              -7.9844578
            ],
            [
              -34.9143013,
              -7.98454
            ],
            [
              -34.9145218,
              -7.9845744
            ],
            [
              -34.9146581,
              -7.9845957
            ],
            [
              -34.9149129,
              -7.9846502
            ],
            [
              -34.9151623,
              -7.9847033
            ],
            [
              -34.9154004,
              -7.9847605
            ],
            [
              -34.9153937,
              -7.9849118
            ],
            [
              -34.9153776,
              -7.9850201
            ],
            [
              -34.9153575,
              -7.9851708
            ],
            [
              -34.9153508,
              -7.9852784
            ],
            [
              -34.9153454,
              -7.9854251
            ],
            [
              -34.9153424,
              -7.9854882
            ],
            [
              -34.9153379,
              -7.9855653
            ],
            [
              -34.915283,
              -7.9860168
            ],
            [
              -34.9152569,
              -7.98639
            ],
            [
              -34.9151972,
              -7.9867884
            ],
            [
              -34.9151818,
              -7.9869113
            ],
            [
              -34.9151818,
              -7.987056
            ],
            [
              -34.9151878,
              -7.9872121
            ],
            [
              -34.9152066,
              -7.9873522
            ],
            [
              -34.9151167,
              -7.9873177
            ],
            [
              -34.9150148,
              -7.9872749
            ],
            [
              -34.9148901,
              -7.9872187
            ],
            [
              -34.9147667,
              -7.987157
            ],
            [
              -34.9146514,
              -7.9870959
            ],
            [
              -34.9145511,
              -7.9872792
            ],
            [
              -34.9145263,
              -7.9873061
            ],
            [
              -34.9144968,
              -7.9873326
            ],
            [
              -34.9144019,
              -7.9873914
            ],
            [
              -34.9143453,
              -7.9874269
            ],
            [
              -34.9143007,
              -7.9874608
            ],
            [
              -34.9142453,
              -7.9875089
            ],
            [
              -34.9141991,
              -7.9875431
            ],
            [
              -34.9141528,
              -7.9875723
            ],
            [
              -34.9140928,
              -7.9876012
            ],
            [
              -34.9140123,
              -7.9876092
            ],
            [
              -34.9139278,
              -7.9876364
            ],
            [
              -34.9138387,
              -7.9876822
            ],
            [
              -34.913781,
              -7.9877194
            ],
            [
              -34.9136268,
              -7.9878522
            ],
            [
              -34.9132896,
              -7.9881029
            ],
            [
              -34.9131449,
              -7.9879073
            ],
            [
              -34.912998,
              -7.9879491
            ],
            [
              -34.9129303,
              -7.9879617
            ],
            [
              -34.9128679,
              -7.9879697
            ],
            [
              -34.9127596,
              -7.987976
            ],
            [
              -34.912428,
              -7.9879641
            ],
            [
              -34.9123838,
              -7.9879761
            ],
            [
              -34.9123511,
              -7.9879836
            ],
            [
              -34.9121223,
              -7.988032
            ],
            [
              -34.9120134,
              -7.9880528
            ],
            [
              -34.9119195,
              -7.988074
            ],
            [
              -34.9118391,
              -7.9880661
            ],
            [
              -34.9117264,
              -7.9880581
            ],
            [
              -34.9116594,
              -7.988082
            ],
            [
              -34.9116111,
              -7.9881059
            ],
            [
              -34.9115467,
              -7.9881298
            ],
            [
              -34.911477,
              -7.9881245
            ],
            [
              -34.9112808,
              -7.988072
            ],
            [
              -34.9112906,
              -7.9884154
            ],
            [
              -34.9108805,
              -7.9884101
            ],
            [
              -34.9105838,
              -7.9886464
            ],
            [
              -34.9104805,
              -7.9887593
            ],
            [
              -34.9103209,
              -7.9889771
            ],
            [
              -34.910215,
              -7.9891431
            ],
            [
              -34.9101305,
              -7.9892932
            ],
            [
              -34.9100634,
              -7.98943
            ],
            [
              -34.9098971,
              -7.9898085
            ],
            [
              -34.9097389,
              -7.9901864
            ],
            [
              -34.909181,
              -7.9899891
            ],
            [
              -34.9089986,
              -7.9899227
            ],
            [
              -34.9088712,
              -7.989863
            ],
            [
              -34.9087787,
              -7.9898165
            ],
            [
              -34.9086861,
              -7.989768
            ],
            [
              -34.9083535,
              -7.9905337
            ],
            [
              -34.9073811,
              -7.9900324
            ],
            [
              -34.9069085,
              -7.9897839
            ],
            [
              -34.9064606,
              -7.9895568
            ],
            [
              -34.9064462,
              -7.9895246
            ],
            [
              -34.9064445,
              -7.9894929
            ],
            [
              -34.9064507,
              -7.9894639
            ],
            [
              -34.9065893,
              -7.9891694
            ],
            [
              -34.9066195,
              -7.9890947
            ],
            [
              -34.906643,
              -7.9890379
            ],
            [
              -34.9066383,
              -7.9889944
            ],
            [
              -34.9066222,
              -7.9889645
            ],
            [
              -34.9065933,
              -7.9889376
            ],
            [
              -34.9065658,
              -7.9889237
            ],
            [
              -34.9064805,
              -7.988904
            ],
            [
              -34.9063114,
              -7.9889071
            ],
            [
              -34.9061618,
              -7.9889144
            ],
            [
              -34.9057357,
              -7.988933
            ],
            [
              -34.9057002,
              -7.9890681
            ],
            [
              -34.9056653,
              -7.9891265
            ],
            [
              -34.9056204,
              -7.9891697
            ],
            [
              -34.9054688,
              -7.9892793
            ],
            [
              -34.9052385,
              -7.989445
            ],
            [
              -34.9049978,
              -7.9897574
            ],
            [
              -34.9049374,
              -7.9898391
            ],
            [
              -34.9049049,
              -7.9898948
            ],
            [
              -34.9048776,
              -7.9899586
            ],
            [
              -34.9048338,
              -7.9900854
            ],
            [
              -34.9048043,
              -7.9901631
            ],
            [
              -34.9047486,
              -7.9903099
            ],
            [
              -34.9048124,
              -7.990365
            ],
            [
              -34.9048975,
              -7.9904234
            ],
            [
              -34.9049445,
              -7.9904613
            ],
            [
              -34.9049632,
              -7.9904928
            ],
            [
              -34.9049706,
              -7.9905287
            ],
            [
              -34.904974,
              -7.9905589
            ],
            [
              -34.9049672,
              -7.9906303
            ],
            [
              -34.9048895,
              -7.9912236
            ],
            [
              -34.9048761,
              -7.9913923
            ],
            [
              -34.9048757,
              -7.9914168
            ],
            [
              -34.9048744,
              -7.9914965
            ],
            [
              -34.9048454,
              -7.9918738
            ],
            [
              -34.9048016,
              -7.9924451
            ],
            [
              -34.904803,
              -7.9925908
            ],
            [
              -34.9048144,
              -7.9926822
            ],
            [
              -34.9048311,
              -7.9927482
            ],
            [
              -34.9048713,
              -7.9928498
            ],
            [
              -34.9048958,
              -7.9928907
            ],
            [
              -34.9049817,
              -7.9930132
            ],
            [
              -34.9050705,
              -7.9931354
            ],
            [
              -34.9051295,
              -7.9932197
            ],
            [
              -34.9051949,
              -7.9933422
            ],
            [
              -34.9052177,
              -7.9934108
            ],
            [
              -34.9052244,
              -7.9934767
            ],
            [
              -34.9063486,
              -7.9937476
            ],
            [
              -34.9064264,
              -7.9936068
            ],
            [
              -34.9068502,
              -7.9936872
            ],
            [
              -34.9068441,
              -7.9940126
            ],
            [
              -34.9068323,
              -7.9949451
            ],
            [
              -34.9068341,
              -7.9952556
            ],
            [
              -34.9068333,
              -7.9952705
            ],
            [
              -34.906826,
              -7.995403
            ],
            [
              -34.9068072,
              -7.9955544
            ],
            [
              -34.9067918,
              -7.9956627
            ],
            [
              -34.9067576,
              -7.9958015
            ],
            [
              -34.9067207,
              -7.995921
            ],
            [
              -34.9066637,
              -7.9960438
            ],
            [
              -34.9065491,
              -7.9962318
            ],
            [
              -34.9064747,
              -7.9963353
            ],
            [
              -34.9063687,
              -7.9964316
            ],
            [
              -34.9062782,
              -7.9965023
            ],
            [
              -34.9061752,
              -7.9965638
            ],
            [
              -34.9060378,
              -7.9966365
            ],
            [
              -34.9058222,
              -7.996747
            ],
            [
              -34.9055902,
              -7.9968546
            ],
            [
              -34.9058973,
              -7.9973447
            ],
            [
              -34.9060951,
              -7.9976667
            ],
            [
              -34.9062919,
              -7.997534
            ],
            [
              -34.9065107,
              -7.9973459
            ],
            [
              -34.9068716,
              -7.9968991
            ],
            [
              -34.9070151,
              -7.9966773
            ],
            [
              -34.9070379,
              -7.9965525
            ],
            [
              -34.9070406,
              -7.996417
            ],
            [
              -34.90705,
              -7.9962709
            ],
            [
              -34.9070916,
              -7.9961501
            ],
            [
              -34.9071868,
              -7.9960106
            ],
            [
              -34.9073289,
              -7.9957862
            ],
            [
              -34.9074563,
              -7.9955896
            ],
            [
              -34.90762,
              -7.995413
            ],
            [
              -34.9079794,
              -7.9951102
            ],
            [
              -34.9083857,
              -7.9946852
            ],
            [
              -34.9085668,
              -7.9944555
            ],
            [
              -34.9087745,
              -7.9941543
            ],
            [
              -34.9092137,
              -7.9935456
            ],
            [
              -34.9092481,
              -7.9934979
            ],
            [
              -34.9094893,
              -7.9931534
            ],
            [
              -34.9097148,
              -7.9928312
            ],
            [
              -34.9100527,
              -7.9925098
            ],
            [
              -34.9104658,
              -7.9922575
            ],
            [
              -34.9113134,
              -7.9917502
            ],
            [
              -34.9119557,
              -7.9913722
            ],
            [
              -34.9126803,
              -7.9909563
            ],
            [
              -34.9126963,
              -7.9909472
            ],
            [
              -34.9133608,
              -7.9905683
            ],
            [
              -34.9141708,
              -7.9900206
            ],
            [
              -34.9146034,
              -7.9897103
            ],
            [
              -34.9147627,
              -7.989596
            ],
            [
              -34.915306,
              -7.9892141
            ],
            [
              -34.9159304,
              -7.9887387
            ],
            [
              -34.9162486,
              -7.9884565
            ],
            [
              -34.9164203,
              -7.9882268
            ],
            [
              -34.9165195,
              -7.9881391
            ],
            [
              -34.9166174,
              -7.9881112
            ],
            [
              -34.9167193,
              -7.9881325
            ],
            [
              -34.9167751,
              -7.9881695
            ],
            [
              -34.9168374,
              -7.9882108
            ],
            [
              -34.9169245,
              -7.9881975
            ],
            [
              -34.9169809,
              -7.9881338
            ],
            [
              -34.916997,
              -7.9880355
            ],
            [
              -34.9169514,
              -7.9878004
            ],
            [
              -34.9168575,
              -7.987564
            ],
            [
              -34.9167301,
              -7.9873569
            ],
            [
              -34.9166982,
              -7.9872262
            ]
          ]
        ]
      }
    },
    {
      "id": "('relation', 10727658)",
      "type": "Feature",
      "properties": {
        "nome": "TABAJARA",
        "valor": 72
      },
      "geometry": {
        "type": "Polygon",
        "coordinates": [
          [
            [
              -34.8806494,
              -7.9647272
            ],
            [
              -34.8810862,
              -7.9644529
            ],
            [
              -34.8817619,
              -7.9645834
            ],
            [
              -34.8828195,
              -7.9648252
            ],
            [
              -34.8836192,
              -7.9650117
            ],
            [
              -34.8838136,
              -7.9650595
            ],
            [
              -34.8853205,
              -7.9648679
            ],
            [
              -34.8857381,
              -7.9650046
            ],
            [
              -34.8862044,
              -7.9656575
            ],
            [
              -34.8863659,
              -7.9659843
            ],
            [
              -34.8864802,
              -7.9662525
            ],
            [
              -34.8865033,
              -7.9663059
            ],
            [
              -34.8867769,
              -7.9669385
            ],
            [
              -34.8869369,
              -7.9673001
            ],
            [
              -34.8870029,
              -7.9674623
            ],
            [
              -34.8873011,
              -7.9674173
            ],
            [
              -34.8873286,
              -7.9675498
            ],
            [
              -34.8877298,
              -7.9681267
            ],
            [
              -34.8886686,
              -7.9694766
            ],
            [
              -34.888975,
              -7.9699172
            ],
            [
              -34.8904315,
              -7.969839
            ],
            [
              -34.8907952,
              -7.9698374
            ],
            [
              -34.8910477,
              -7.9698691
            ],
            [
              -34.8912612,
              -7.9699567
            ],
            [
              -34.891617,
              -7.9700495
            ],
            [
              -34.8917468,
              -7.9700629
            ],
            [
              -34.8918362,
              -7.9700721
            ],
            [
              -34.8920835,
              -7.9700636
            ],
            [
              -34.8920828,
              -7.9703971
            ],
            [
              -34.8920898,
              -7.9704688
            ],
            [
              -34.8920994,
              -7.9705674
            ],
            [
              -34.891998,
              -7.970573
            ],
            [
              -34.8917163,
              -7.9705885
            ],
            [
              -34.8915104,
              -7.9706453
            ],
            [
              -34.8914057,
              -7.9706742
            ],
            [
              -34.8911875,
              -7.9707804
            ],
            [
              -34.8909721,
              -7.9709106
            ],
            [
              -34.8906491,
              -7.971113
            ],
            [
              -34.8906015,
              -7.971716
            ],
            [
              -34.890611,
              -7.9722183
            ],
            [
              -34.890742,
              -7.9726412
            ],
            [
              -34.8907864,
              -7.9727844
            ],
            [
              -34.8908956,
              -7.9730566
            ],
            [
              -34.8910481,
              -7.9733573
            ],
            [
              -34.8914039,
              -7.9740087
            ],
            [
              -34.8916377,
              -7.9763399
            ],
            [
              -34.8916679,
              -7.9766411
            ],
            [
              -34.8901478,
              -7.9764246
            ],
            [
              -34.8852518,
              -7.975727
            ],
            [
              -34.8851043,
              -7.9757044
            ],
            [
              -34.8824051,
              -7.9752913
            ],
            [
              -34.8820305,
              -7.9755852
            ],
            [
              -34.8819327,
              -7.975662
            ],
            [
              -34.8819001,
              -7.9756925
            ],
            [
              -34.8815886,
              -7.975984
            ],
            [
              -34.8813646,
              -7.9762093
            ],
            [
              -34.8812936,
              -7.9762768
            ],
            [
              -34.881001,
              -7.9765548
            ],
            [
              -34.8809325,
              -7.9766198
            ],
            [
              -34.8807885,
              -7.9767567
            ],
            [
              -34.8797406,
              -7.9773138
            ],
            [
              -34.8793295,
              -7.9775324
            ],
            [
              -34.8790364,
              -7.9778704
            ],
            [
              -34.8790017,
              -7.9779104
            ],
            [
              -34.8787455,
              -7.9781561
            ],
            [
              -34.8786761,
              -7.9782227
            ],
            [
              -34.8783735,
              -7.9785614
            ],
            [
              -34.8778525,
              -7.9791278
            ],
            [
              -34.8776182,
              -7.9793826
            ],
            [
              -34.8775307,
              -7.9796885
            ],
            [
              -34.8774205,
              -7.9800965
            ],
            [
              -34.8772048,
              -7.9803094
            ],
            [
              -34.8770045,
              -7.980507
            ],
            [
              -34.8767805,
              -7.9807243
            ],
            [
              -34.8765241,
              -7.9808776
            ],
            [
              -34.8764704,
              -7.9809063
            ],
            [
              -34.8762515,
              -7.9810231
            ],
            [
              -34.8760399,
              -7.9811159
            ],
            [
              -34.8758826,
              -7.981185
            ],
            [
              -34.8755537,
              -7.9813307
            ],
            [
              -34.8751763,
              -7.9813804
            ],
            [
              -34.8751102,
              -7.9813894
            ],
            [
              -34.8746584,
              -7.9814508
            ],
            [
              -34.8745659,
              -7.9814633
            ],
            [
              -34.8741563,
              -7.9813947
            ],
            [
              -34.8739145,
              -7.9813541
            ],
            [
              -34.8737535,
              -7.9812908
            ],
            [
              -34.8736557,
              -7.9812554
            ],
            [
              -34.8732554,
              -7.9811108
            ],
            [
              -34.8732061,
              -7.981093
            ],
            [
              -34.8726024,
              -7.9808874
            ],
            [
              -34.8722554,
              -7.9805525
            ],
            [
              -34.8722995,
              -7.9803308
            ],
            [
              -34.8723349,
              -7.9801531
            ],
            [
              -34.8724046,
              -7.9797764
            ],
            [
              -34.8724124,
              -7.9797347
            ],
            [
              -34.8724537,
              -7.979413
            ],
            [
              -34.8725288,
              -7.9788289
            ],
            [
              -34.8726788,
              -7.9782434
            ],
            [
              -34.8727137,
              -7.9780518
            ],
            [
              -34.8727415,
              -7.9778987
            ],
            [
              -34.8725601,
              -7.9774325
            ],
            [
              -34.8724321,
              -7.9770346
            ],
            [
              -34.8722855,
              -7.9765789
            ],
            [
              -34.8719635,
              -7.9764522
            ],
            [
              -34.8718607,
              -7.9764583
            ],
            [
              -34.8718008,
              -7.9764618
            ],
            [
              -34.8715216,
              -7.9764782
            ],
            [
              -34.8713719,
              -7.9764864
            ],
            [
              -34.8710395,
              -7.9765044
            ],
            [
              -34.870995,
              -7.9765099
            ],
            [
              -34.8705657,
              -7.9765627
            ],
            [
              -34.8702206,
              -7.9765998
            ],
            [
              -34.8699917,
              -7.9766245
            ],
            [
              -34.8698375,
              -7.9766411
            ],
            [
              -34.869401,
              -7.9766881
            ],
            [
              -34.870009,
              -7.9755402
            ],
            [
              -34.8704903,
              -7.9744643
            ],
            [
              -34.8712038,
              -7.9731851
            ],
            [
              -34.8714853,
              -7.9725827
            ],
            [
              -34.872836,
              -7.9700954
            ],
            [
              -34.8709136,
              -7.9692087
            ],
            [
              -34.8704057,
              -7.9691626
            ],
            [
              -34.8701381,
              -7.9685068
            ],
            [
              -34.8701844,
              -7.9684063
            ],
            [
              -34.8702729,
              -7.9681104
            ],
            [
              -34.8705504,
              -7.968502
            ],
            [
              -34.8709921,
              -7.9684986
            ],
            [
              -34.8713605,
              -7.9684878
            ],
            [
              -34.8715696,
              -7.9684551
            ],
            [
              -34.8718236,
              -7.9682953
            ],
            [
              -34.8720601,
              -7.968267
            ],
            [
              -34.8721691,
              -7.9682393
            ],
            [
              -34.872278,
              -7.9681662
            ],
            [
              -34.8723231,
              -7.968098
            ],
            [
              -34.8724173,
              -7.9677983
            ],
            [
              -34.8724933,
              -7.9674941
            ],
            [
              -34.8728971,
              -7.9672701
            ],
            [
              -34.8733235,
              -7.9669915
            ],
            [
              -34.873728,
              -7.966908
            ],
            [
              -34.8739589,
              -7.9666712
            ],
            [
              -34.8745862,
              -7.9661445
            ],
            [
              -34.8762333,
              -7.9659905
            ],
            [
              -34.8763675,
              -7.9659774
            ],
            [
              -34.8779435,
              -7.9658235
            ],
            [
              -34.8783135,
              -7.9658579
            ],
            [
              -34.8784179,
              -7.9658676
            ],
            [
              -34.8792215,
              -7.9655009
            ],
            [
              -34.8798168,
              -7.9652293
            ],
            [
              -34.8800533,
              -7.9651203
            ],
            [
              -34.8806494,
              -7.9647272
            ]
          ]
        ]
      }
    },
    {
      "id": "('way', 774620727)",
      "type": "Feature",
      "properties": {
        "nome": "TABAJARA",
        "valor": 30
      },
      "geometry": {
        "type": "Polygon",
        "coordinates": [
          [
            [
              -34.8806494,
              -7.9647272
            ],
            [
              -34.8810862,
              -7.9644529
            ],
            [
              -34.8817619,
              -7.9645834
            ],
            [
              -34.8828195,
              -7.9648252
            ],
            [
              -34.8836192,
              -7.9650117
            ],
            [
              -34.8838136,
              -7.9650595
            ],
            [
              -34.8853205,
              -7.9648679
            ],
            [
              -34.8857381,
              -7.9650046
            ],
            [
              -34.8862044,
              -7.9656575
            ],
            [
              -34.8863659,
              -7.9659843
            ],
            [
              -34.8864802,
              -7.9662525
            ],
            [
              -34.8865033,
              -7.9663059
            ],
            [
              -34.8867769,
              -7.9669385
            ],
            [
              -34.8869369,
              -7.9673001
            ],
            [
              -34.8870029,
              -7.9674623
            ],
            [
              -34.8873011,
              -7.9674173
            ],
            [
              -34.8873286,
              -7.9675498
            ],
            [
              -34.8877298,
              -7.9681267
            ],
            [
              -34.8886686,
              -7.9694766
            ],
            [
              -34.888975,
              -7.9699172
            ],
            [
              -34.8904315,
              -7.969839
            ],
            [
              -34.8907952,
              -7.9698374
            ],
            [
              -34.8910477,
              -7.9698691
            ],
            [
              -34.8912612,
              -7.9699567
            ],
            [
              -34.891617,
              -7.9700495
            ],
            [
              -34.8917468,
              -7.9700629
            ],
            [
              -34.8918362,
              -7.9700721
            ],
            [
              -34.8920835,
              -7.9700636
            ],
            [
              -34.8920828,
              -7.9703971
            ],
            [
              -34.8920898,
              -7.9704688
            ],
            [
              -34.8920994,
              -7.9705674
            ],
            [
              -34.891998,
              -7.970573
            ],
            [
              -34.8917163,
              -7.9705885
            ],
            [
              -34.8915104,
              -7.9706453
            ],
            [
              -34.8914057,
              -7.9706742
            ],
            [
              -34.8911875,
              -7.9707804
            ],
            [
              -34.8909721,
              -7.9709106
            ],
            [
              -34.8906491,
              -7.971113
            ],
            [
              -34.8906015,
              -7.971716
            ],
            [
              -34.890611,
              -7.9722183
            ],
            [
              -34.890742,
              -7.9726412
            ],
            [
              -34.8907864,
              -7.9727844
            ],
            [
              -34.8908956,
              -7.9730566
            ],
            [
              -34.8910481,
              -7.9733573
            ],
            [
              -34.8914039,
              -7.9740087
            ],
            [
              -34.8916377,
              -7.9763399
            ],
            [
              -34.8916679,
              -7.9766411
            ],
            [
              -34.8901478,
              -7.9764246
            ],
            [
              -34.8852518,
              -7.975727
            ],
            [
              -34.8851043,
              -7.9757044
            ],
            [
              -34.8824051,
              -7.9752913
            ],
            [
              -34.8820305,
              -7.9755852
            ],
            [
              -34.8819327,
              -7.975662
            ],
            [
              -34.8819001,
              -7.9756925
            ],
            [
              -34.8815886,
              -7.975984
            ],
            [
              -34.8813646,
              -7.9762093
            ],
            [
              -34.8812936,
              -7.9762768
            ],
            [
              -34.881001,
              -7.9765548
            ],
            [
              -34.8809325,
              -7.9766198
            ],
            [
              -34.8807885,
              -7.9767567
            ],
            [
              -34.8797406,
              -7.9773138
            ],
            [
              -34.8793295,
              -7.9775324
            ],
            [
              -34.8790364,
              -7.9778704
            ],
            [
              -34.8790017,
              -7.9779104
            ],
            [
              -34.8787455,
              -7.9781561
            ],
            [
              -34.8786761,
              -7.9782227
            ],
            [
              -34.8783735,
              -7.9785614
            ],
            [
              -34.8778525,
              -7.9791278
            ],
            [
              -34.8776182,
              -7.9793826
            ],
            [
              -34.8775307,
              -7.9796885
            ],
            [
              -34.8774205,
              -7.9800965
            ],
            [
              -34.8772048,
              -7.9803094
            ],
            [
              -34.8770045,
              -7.980507
            ],
            [
              -34.8767805,
              -7.9807243
            ],
            [
              -34.8765241,
              -7.9808776
            ],
            [
              -34.8764704,
              -7.9809063
            ],
            [
              -34.8762515,
              -7.9810231
            ],
            [
              -34.8760399,
              -7.9811159
            ],
            [
              -34.8758826,
              -7.981185
            ],
            [
              -34.8755537,
              -7.9813307
            ],
            [
              -34.8751763,
              -7.9813804
            ],
            [
              -34.8751102,
              -7.9813894
            ],
            [
              -34.8746584,
              -7.9814508
            ],
            [
              -34.8745659,
              -7.9814633
            ],
            [
              -34.8741563,
              -7.9813947
            ],
            [
              -34.8739145,
              -7.9813541
            ],
            [
              -34.8737535,
              -7.9812908
            ],
            [
              -34.8736557,
              -7.9812554
            ],
            [
              -34.8732554,
              -7.9811108
            ],
            [
              -34.8732061,
              -7.981093
            ],
            [
              -34.8726024,
              -7.9808874
            ],
            [
              -34.8722554,
              -7.9805525
            ],
            [
              -34.8722995,
              -7.9803308
            ],
            [
              -34.8723349,
              -7.9801531
            ],
            [
              -34.8724046,
              -7.9797764
            ],
            [
              -34.8724124,
              -7.9797347
            ],
            [
              -34.8724537,
              -7.979413
            ],
            [
              -34.8725288,
              -7.9788289
            ],
            [
              -34.8726788,
              -7.9782434
            ],
            [
              -34.8727137,
              -7.9780518
            ],
            [
              -34.8727415,
              -7.9778987
            ],
            [
              -34.8725601,
              -7.9774325
            ],
            [
              -34.8724321,
              -7.9770346
            ],
            [
              -34.8722855,
              -7.9765789
            ],
            [
              -34.8719635,
              -7.9764522
            ],
            [
              -34.8718607,
              -7.9764583
            ],
            [
              -34.8718008,
              -7.9764618
            ],
            [
              -34.8715216,
              -7.9764782
            ],
            [
              -34.8713719,
              -7.9764864
            ],
            [
              -34.8710395,
              -7.9765044
            ],
            [
              -34.870995,
              -7.9765099
            ],
            [
              -34.8705657,
              -7.9765627
            ],
            [
              -34.8702206,
              -7.9765998
            ],
            [
              -34.8699917,
              -7.9766245
            ],
            [
              -34.8698375,
              -7.9766411
            ],
            [
              -34.869401,
              -7.9766881
            ],
            [
              -34.870009,
              -7.9755402
            ],
            [
              -34.8704903,
              -7.9744643
            ],
            [
              -34.8712038,
              -7.9731851
            ],
            [
              -34.8714853,
              -7.9725827
            ],
            [
              -34.872836,
              -7.9700954
            ],
            [
              -34.8709136,
              -7.9692087
            ],
            [
              -34.8704057,
              -7.9691626
            ],
            [
              -34.8701381,
              -7.9685068
            ],
            [
              -34.8701844,
              -7.9684063
            ],
            [
              -34.8702729,
              -7.9681104
            ],
            [
              -34.8705504,
              -7.968502
            ],
            [
              -34.8709921,
              -7.9684986
            ],
            [
              -34.8713605,
              -7.9684878
            ],
            [
              -34.8715696,
              -7.9684551
            ],
            [
              -34.8718236,
              -7.9682953
            ],
            [
              -34.8720601,
              -7.968267
            ],
            [
              -34.8721691,
              -7.9682393
            ],
            [
              -34.872278,
              -7.9681662
            ],
            [
              -34.8723231,
              -7.968098
            ],
            [
              -34.8724173,
              -7.9677983
            ],
            [
              -34.8724933,
              -7.9674941
            ],
            [
              -34.8728971,
              -7.9672701
            ],
            [
              -34.8733235,
              -7.9669915
            ],
            [
              -34.873728,
              -7.966908
            ],
            [
              -34.8739589,
              -7.9666712
            ],
            [
              -34.8745862,
              -7.9661445
            ],
            [
              -34.8762333,
              -7.9659905
            ],
            [
              -34.8763675,
              -7.9659774
            ],
            [
              -34.8779435,
              -7.9658235
            ],
            [
              -34.8783135,
              -7.9658579
            ],
            [
              -34.8784179,
              -7.9658676
            ],
            [
              -34.8792215,
              -7.9655009
            ],
            [
              -34.8798168,
              -7.9652293
            ],
            [
              -34.8800533,
              -7.9651203
            ],
            [
              -34.8806494,
              -7.9647272
            ]
          ]
        ]
      }
    },
    {
      "type": "Feature",
      "properties": {
        "nome": "RIO DOCE",
        "valor": 60
      },
      "geometry": {
        "type": "MultiPolygon",
        "coordinates": [
          [
            [
              [
                -34.8325182,
                -7.978286
              ],
              [
                -34.8324378,
                -7.9783232
              ],
              [
                -34.8324002,
                -7.9784135
              ],
              [
                -34.8324378,
                -7.9785596
              ],
              [
                -34.8327003,
                -7.9792755
              ],
              [
                -34.8329635,
                -7.9791838
              ],
              [
                -34.8328186,
                -7.9788305
              ],
              [
                -34.8326148,
                -7.9783763
              ],
              [
                -34.8325182,
                -7.978286
              ]
            ]
          ],
          [
            [
              [
                -34.8307855,
                -7.9765647
              ],
              [
                -34.8312147,
                -7.9776299
              ],
              [
                -34.8317082,
                -7.9787375
              ],
              [
                -34.8317726,
                -7.9787614
              ],
              [
                -34.831794,
                -7.9787163
              ],
              [
                -34.831794,
                -7.9786366
              ],
              [
                -34.8317511,
                -7.978541
              ],
              [
                -34.8315365,
                -7.9779858
              ],
              [
                -34.8315419,
                -7.9778105
              ],
              [
                -34.8314507,
                -7.9777388
              ],
              [
                -34.8311879,
                -7.9771411
              ],
              [
                -34.8311074,
                -7.9767799
              ],
              [
                -34.831102,
                -7.9766471
              ],
              [
                -34.8309572,
                -7.9765435
              ],
              [
                -34.8307533,
                -7.9760308
              ],
              [
                -34.8306514,
                -7.9756403
              ],
              [
                -34.8306353,
                -7.9754756
              ],
              [
                -34.830528,
                -7.9753641
              ],
              [
                -34.830351,
                -7.9750188
              ],
              [
                -34.8301686,
                -7.9744609
              ],
              [
                -34.83016335725176,
                -7.97435678
              ],
              [
                -34.829868346463606,
                -7.97435678
              ],
              [
                -34.8307855,
                -7.9765647
              ]
            ]
          ],
          [
            [
              [
                -34.8329138,
                -7.9743682
              ],
              [
                -34.8329996,
                -7.9746799
              ],
              [
                -34.8332049,
                -7.9748327
              ],
              [
                -34.8333977,
                -7.9750417
              ],
              [
                -34.833431,
                -7.9753702
              ],
              [
                -34.8334974,
                -7.9756476
              ],
              [
                -34.8334873,
                -7.9758263
              ],
              [
                -34.833527,
                -7.9759621
              ],
              [
                -34.8337515,
                -7.9763325
              ],
              [
                -34.8339649,
                -7.9769113
              ],
              [
                -34.8341252,
                -7.9778543
              ],
              [
                -34.8341911,
                -7.978336
              ],
              [
                -34.8342703,
                -7.9787594
              ],
              [
                -34.8344989,
                -7.9786963
              ],
              [
                -34.8352385,
                -7.9784094
              ],
              [
                -34.8352023,
                -7.9782494
              ],
              [
                -34.8356248,
                -7.9781471
              ],
              [
                -34.8357062,
                -7.9781331
              ],
              [
                -34.8357535,
                -7.9781438
              ],
              [
                -34.8357951,
                -7.9781667
              ],
              [
                -34.8358156,
                -7.9781982
              ],
              [
                -34.8358783,
                -7.9783312
              ],
              [
                -34.8359386,
                -7.9784791
              ],
              [
                -34.8362493,
                -7.9784546
              ],
              [
                -34.8364612,
                -7.9783672
              ],
              [
                -34.8368804,
                -7.9781516
              ],
              [
                -34.8367703,
                -7.977936
              ],
              [
                -34.836231,
                -7.9766877
              ],
              [
                -34.836042,
                -7.9763513
              ],
              [
                -34.8357543,
                -7.9755167
              ],
              [
                -34.8356216,
                -7.9746628
              ],
              [
                -34.83556907207569,
                -7.97435678
              ],
              [
                -34.83290844323229,
                -7.97435678
              ],
              [
                -34.8329138,
                -7.9743682
              ]
            ]
          ]
        ]
      }
    },
    {
      "type": "Feature",
      "properties": {
        "nome": "RIO DOCE - 2 ETAPA",
        "valor": 43
      },
      "geometry": {
        "type": "MultiPolygon",
        "coordinates": [
          [
            [
              [
                -34.8294552,
                -7.9727291
              ],
              [
                -34.8292942,
                -7.9721606
              ],
              [
                -34.8292674,
                -7.9720437
              ],
              [
                -34.8291494,
                -7.9718525
              ],
              [
                -34.8290421,
                -7.9715709
              ],
              [
                -34.8289509,
                -7.9714753
              ],
              [
                -34.8288865,
                -7.9714992
              ],
              [
                -34.8288651,
                -7.9715709
              ],
              [
                -34.8289026,
                -7.9717462
              ],
              [
                -34.829203,
                -7.9725909
              ],
              [
                -34.8297395,
                -7.9740466
              ],
              [
                -34.829868346463606,
                -7.97435678
              ],
              [
                -34.83016335725176,
                -7.97435678
              ],
              [
                -34.8301579,
                -7.9742484
              ],
              [
                -34.8298307,
                -7.9736269
              ],
              [
                -34.8296536,
                -7.9731753
              ],
              [
                -34.8294552,
                -7.9727291
              ]
            ]
          ],
          [
            [
              [
                -34.8293318,
                -7.9706864
              ],
              [
                -34.8297073,
                -7.9714833
              ],
              [
                -34.8297824,
                -7.9715975
              ],
              [
                -34.8298575,
                -7.9716161
              ],
              [
                -34.8299272,
                -7.9716054
              ],
              [
                -34.829954,
                -7.9715629
              ],
              [
                -34.829954,
                -7.9714965
              ],
              [
                -34.8298789,
                -7.9712947
              ],
              [
                -34.829659,
                -7.9707475
              ],
              [
                -34.82910271134503,
                -7.96943806
              ],
              [
                -34.82879494708582,
                -7.96943806
              ],
              [
                -34.8293318,
                -7.9706864
              ]
            ]
          ],
          [
            [
              [
                -34.8313096,
                -7.9696801
              ],
              [
                -34.8314531,
                -7.970456
              ],
              [
                -34.8318315,
                -7.9718837
              ],
              [
                -34.8320558,
                -7.9727181
              ],
              [
                -34.8321819,
                -7.9728717
              ],
              [
                -34.8322626,
                -7.9730908
              ],
              [
                -34.8324587,
                -7.9734053
              ],
              [
                -34.8326105,
                -7.9737216
              ],
              [
                -34.83290844323229,
                -7.97435678
              ],
              [
                -34.83556907207569,
                -7.97435678
              ],
              [
                -34.8354166,
                -7.9734685
              ],
              [
                -34.8353141,
                -7.9728654
              ],
              [
                -34.8349644,
                -7.9722444
              ],
              [
                -34.8348136,
                -7.9719876
              ],
              [
                -34.83389886588834,
                -7.96943806
              ],
              [
                -34.83125792853932,
                -7.96943806
              ],
              [
                -34.8313096,
                -7.9696801
              ]
            ]
          ]
        ]
      }
    },
    {
      "type": "Feature",
      "properties": {
        "nome": "RIO DOCE - 3 ETAPA",
        "valor": 33
      },
      "geometry": {
        "type": "MultiPolygon",
        "coordinates": [
          [
            [
              [
                -34.828098,
                -7.9677883
              ],
              [
                -34.8287846,
                -7.969414
              ],
              [
                -34.82879494708582,
                -7.96943806
              ],
              [
                -34.82910271134503,
                -7.96943806
              ],
              [
                -34.8289616,
                -7.9691059
              ],
              [
                -34.828334,
                -7.9676608
              ],
              [
                -34.8282213,
                -7.9674802
              ],
              [
                -34.8281409,
                -7.9674483
              ],
              [
                -34.8280658,
                -7.9674855
              ],
              [
                -34.8280443,
                -7.9675865
              ],
              [
                -34.828098,
                -7.9677883
              ]
            ]
          ],
          [
            [
              [
                -34.8553095,
                -7.9669994
              ],
              [
                -34.8571913,
                -7.9670334
              ],
              [
                -34.857908,
                -7.967027
              ],
              [
                -34.8574993,
                -7.9652069
              ],
              [
                -34.85733328722686,
                -7.96451934
              ],
              [
                -34.84301130074906,
                -7.96451934
              ],
              [
                -34.8430129,
                -7.964523
              ],
              [
                -34.8432001,
                -7.9649556
              ],
              [
                -34.8433676,
                -7.9653544
              ],
              [
                -34.8433948,
                -7.9654079
              ],
              [
                -34.8434246,
                -7.965465
              ],
              [
                -34.8435058,
                -7.9656041
              ],
              [
                -34.8435722,
                -7.965703
              ],
              [
                -34.8436895,
                -7.9658697
              ],
              [
                -34.8437874,
                -7.9659959
              ],
              [
                -34.8440757,
                -7.9663499
              ],
              [
                -34.8441602,
                -7.9664654
              ],
              [
                -34.8446149,
                -7.9670744
              ],
              [
                -34.844985,
                -7.9675731
              ],
              [
                -34.8450789,
                -7.9676866
              ],
              [
                -34.8451379,
                -7.9677438
              ],
              [
                -34.8451909,
                -7.967775
              ],
              [
                -34.8452747,
                -7.9677916
              ],
              [
                -34.8454571,
                -7.9677829
              ],
              [
                -34.8457427,
                -7.9677511
              ],
              [
                -34.8462705,
                -7.9677019
              ],
              [
                -34.8464361,
                -7.9676853
              ],
              [
                -34.846595,
                -7.9676694
              ],
              [
                -34.8468009,
                -7.9676461
              ],
              [
                -34.8473373,
                -7.967607
              ],
              [
                -34.8475412,
                -7.967593
              ],
              [
                -34.8477737,
                -7.9675931
              ],
              [
                -34.8483492,
                -7.9675979
              ],
              [
                -34.8484852,
                -7.9675968
              ],
              [
                -34.8490623,
                -7.9675842
              ],
              [
                -34.849304,
                -7.9675802
              ],
              [
                -34.849434,
                -7.9675799
              ],
              [
                -34.8497995,
                -7.9675811
              ],
              [
                -34.8501396,
                -7.9675802
              ],
              [
                -34.8505441,
                -7.967576
              ],
              [
                -34.8509118,
                -7.9675718
              ],
              [
                -34.8510999,
                -7.9675705
              ],
              [
                -34.8512308,
                -7.9675652
              ],
              [
                -34.8512538,
                -7.967577
              ],
              [
                -34.8531219,
                -7.9672449
              ],
              [
                -34.854618,
                -7.9670069
              ],
              [
                -34.8551346,
                -7.9669962
              ],
              [
                -34.8553095,
                -7.9669994
              ]
            ]
          ],
          [
            [
              [
                -34.8305911,
                -7.9649183
              ],
              [
                -34.8307837,
                -7.9657999
              ],
              [
                -34.8308215,
                -7.9660735
              ],
              [
                -34.8308887,
                -7.966382
              ],
              [
                -34.8309253,
                -7.9667022
              ],
              [
                -34.8309958,
                -7.9668812
              ],
              [
                -34.8310338,
                -7.967163
              ],
              [
                -34.8311197,
                -7.96752
              ],
              [
                -34.8311085,
                -7.9684192
              ],
              [
                -34.8311519,
                -7.9689414
              ],
              [
                -34.83125792853932,
                -7.96943806
              ],
              [
                -34.83389886588834,
                -7.96943806
              ],
              [
                -34.8335862,
                -7.9685666
              ],
              [
                -34.833645,
                -7.968546
              ],
              [
                -34.8338096,
                -7.9684829
              ],
              [
                -34.8341995,
                -7.9683371
              ],
              [
                -34.8343409,
                -7.9682904
              ],
              [
                -34.8348451,
                -7.9681238
              ],
              [
                -34.8351748,
                -7.9680247
              ],
              [
                -34.8354551,
                -7.9679343
              ],
              [
                -34.8357217,
                -7.9678547
              ],
              [
                -34.8361102,
                -7.9677305
              ],
              [
                -34.836363,
                -7.9676441
              ],
              [
                -34.83652,
                -7.967593
              ],
              [
                -34.836764,
                -7.967512
              ],
              [
                -34.8371744,
                -7.9673838
              ],
              [
                -34.8374259,
                -7.9672929
              ],
              [
                -34.8378212,
                -7.9671611
              ],
              [
                -34.8380287,
                -7.9670976
              ],
              [
                -34.8381554,
                -7.9670651
              ],
              [
                -34.8383707,
                -7.967002
              ],
              [
                -34.83849,
                -7.9669681
              ],
              [
                -34.8385866,
                -7.9669349
              ],
              [
                -34.8387013,
                -7.9668904
              ],
              [
                -34.83883,
                -7.966828
              ],
              [
                -34.8388997,
                -7.9667735
              ],
              [
                -34.8391043,
                -7.9666049
              ],
              [
                -34.8392944,
                -7.9664518
              ],
              [
                -34.8396447,
                -7.9661274
              ],
              [
                -34.8397567,
                -7.9660098
              ],
              [
                -34.839801,
                -7.965962
              ],
              [
                -34.8398439,
                -7.965895
              ],
              [
                -34.8399404,
                -7.9657316
              ],
              [
                -34.8400612,
                -7.965525
              ],
              [
                -34.8401852,
                -7.9653432
              ],
              [
                -34.8403743,
                -7.9649931
              ],
              [
                -34.8405133,
                -7.9647774
              ],
              [
                -34.8406361,
                -7.9645864
              ],
              [
                -34.84067212396694,
                -7.96451934
              ],
              [
                -34.83053548244422,
                -7.96451934
              ],
              [
                -34.8305911,
                -7.9649183
              ]
            ]
          ],
          [
            [
              [
                -34.8286559,
                -7.9646087
              ],
              [
                -34.828640771650136,
                -7.96451934
              ],
              [
                -34.82841138913582,
                -7.96451934
              ],
              [
                -34.8286612,
                -7.9657031
              ],
              [
                -34.8289133,
                -7.9671296
              ],
              [
                -34.8289885,
                -7.9674218
              ],
              [
                -34.8290636,
                -7.9674988
              ],
              [
                -34.8291333,
                -7.967528
              ],
              [
                -34.8291869,
                -7.9674935
              ],
              [
                -34.8292084,
                -7.9674271
              ],
              [
                -34.8292191,
                -7.9673474
              ],
              [
                -34.8286559,
                -7.9646087
              ]
            ]
          ]
        ]
      }
    },
    {
      "type": "Feature",
      "properties": {
        "nome": "RIO DOCE - 4 ETAPA",
        "valor": 43
      },
      "geometry": {
        "type": "MultiPolygon",
        "coordinates": [
          [
            [
              [
                -34.8569499,
                -7.9629315
              ],
              [
                -34.8568982,
                -7.9626683
              ],
              [
                -34.856343449718416,
                -7.95960062
              ],
              [
                -34.84230747465172,
                -7.95960062
              ],
              [
                -34.8418008,
                -7.9599944
              ],
              [
                -34.8406748,
                -7.9608723
              ],
              [
                -34.8403717,
                -7.9605668
              ],
              [
                -34.8378687,
                -7.9607156
              ],
              [
                -34.8364014,
                -7.9601889
              ],
              [
                -34.8361498,
                -7.9601859
              ],
              [
                -34.8359702,
                -7.9601434
              ],
              [
                -34.8353791,
                -7.9598618
              ],
              [
                -34.8346484,
                -7.9596063
              ],
              [
                -34.83463035764706,
                -7.95960062
              ],
              [
                -34.82831667411236,
                -7.95960062
              ],
              [
                -34.8283754,
                -7.9596678
              ],
              [
                -34.8285002,
                -7.9598577
              ],
              [
                -34.828645,
                -7.9600742
              ],
              [
                -34.8287845,
                -7.9602456
              ],
              [
                -34.8289669,
                -7.9604554
              ],
              [
                -34.8292441,
                -7.9608606
              ],
              [
                -34.8292901,
                -7.9609495
              ],
              [
                -34.8293169,
                -7.9610717
              ],
              [
                -34.8293477,
                -7.961429
              ],
              [
                -34.8294818,
                -7.9619443
              ],
              [
                -34.8296884,
                -7.9624384
              ],
              [
                -34.8298922,
                -7.9628581
              ],
              [
                -34.8301005,
                -7.9634636
              ],
              [
                -34.8303824,
                -7.9637804
              ],
              [
                -34.8304437,
                -7.9640975
              ],
              [
                -34.830523,
                -7.9644298
              ],
              [
                -34.83053548244422,
                -7.96451934
              ],
              [
                -34.84067212396694,
                -7.96451934
              ],
              [
                -34.8407726,
                -7.9643323
              ],
              [
                -34.8408939,
                -7.9641232
              ],
              [
                -34.840914,
                -7.9640901
              ],
              [
                -34.8409731,
                -7.963993
              ],
              [
                -34.8411354,
                -7.9638191
              ],
              [
                -34.841351,
                -7.9636192
              ],
              [
                -34.8413612,
                -7.9636108
              ],
              [
                -34.8414995,
                -7.9634886
              ],
              [
                -34.8417167,
                -7.9633044
              ],
              [
                -34.8418716,
                -7.9631755
              ],
              [
                -34.8421188,
                -7.9629768
              ],
              [
                -34.8422245,
                -7.9628919
              ],
              [
                -34.8422847,
                -7.9628435
              ],
              [
                -34.842478,
                -7.9632932
              ],
              [
                -34.8426545,
                -7.9636975
              ],
              [
                -34.8428379,
                -7.9641225
              ],
              [
                -34.84301130074906,
                -7.96451934
              ],
              [
                -34.85733328722686,
                -7.96451934
              ],
              [
                -34.8569499,
                -7.9629315
              ]
            ]
          ],
          [
            [
              [
                -34.8269553,
                -7.9612059
              ],
              [
                -34.8272933,
                -7.9637321
              ],
              [
                -34.8273469,
                -7.9638145
              ],
              [
                -34.827422,
                -7.9638384
              ],
              [
                -34.8274703,
                -7.9638145
              ],
              [
                -34.8274971,
                -7.9637401
              ],
              [
                -34.8274381,
                -7.963076
              ],
              [
                -34.8273094,
                -7.9622207
              ],
              [
                -34.8270787,
                -7.9605843
              ],
              [
                -34.8269606,
                -7.9596306
              ],
              [
                -34.826992640709534,
                -7.95960062
              ],
              [
                -34.826716137751035,
                -7.95960062
              ],
              [
                -34.8269553,
                -7.9612059
              ]
            ]
          ],
          [
            [
              [
                -34.8285057,
                -7.9637215
              ],
              [
                -34.8283876,
                -7.9631743
              ],
              [
                -34.828334,
                -7.9630707
              ],
              [
                -34.8282535,
                -7.9630441
              ],
              [
                -34.8281945,
                -7.963068
              ],
              [
                -34.828157,
                -7.9631504
              ],
              [
                -34.8281623,
                -7.963339
              ],
              [
                -34.82841138913582,
                -7.96451934
              ],
              [
                -34.828640771650136,
                -7.96451934
              ],
              [
                -34.8285057,
                -7.9637215
              ]
            ]
          ]
        ]
      }
    },
    {
      "type": "Feature",
      "properties": {
        "nome": "RIO DOCE - 5 ETAPA",
        "valor": 37
      },
      "geometry": {
        "type": "MultiPolygon",
        "coordinates": [
          [
            [
              [
                -34.8555091,
                -7.9549868
              ],
              [
                -34.8533204,
                -7.9546819
              ],
              [
                -34.8510528,
                -7.9546872
              ],
              [
                -34.8488352,
                -7.9554219
              ],
              [
                -34.8467817,
                -7.9561668
              ],
              [
                -34.8451756,
                -7.9568187
              ],
              [
                -34.8454379,
                -7.9571677
              ],
              [
                -34.84230747465172,
                -7.95960062
              ],
              [
                -34.856343449718416,
                -7.95960062
              ],
              [
                -34.8555091,
                -7.9549868
              ]
            ]
          ],
          [
            [
              [
                -34.8340004,
                -7.9594023
              ],
              [
                -34.8334109,
                -7.959228
              ],
              [
                -34.8327371,
                -7.9589996
              ],
              [
                -34.832456,
                -7.9588954
              ],
              [
                -34.8320338,
                -7.9588094
              ],
              [
                -34.8316406,
                -7.9586277
              ],
              [
                -34.8315316,
                -7.9585436
              ],
              [
                -34.8314368,
                -7.9584704
              ],
              [
                -34.8313515,
                -7.9581506
              ],
              [
                -34.8313112,
                -7.9579402
              ],
              [
                -34.8312437,
                -7.9577638
              ],
              [
                -34.8311043,
                -7.9576
              ],
              [
                -34.8308222,
                -7.9576022
              ],
              [
                -34.8306439,
                -7.9575752
              ],
              [
                -34.830535,
                -7.957639
              ],
              [
                -34.8305125,
                -7.9577883
              ],
              [
                -34.8304283,
                -7.9580008
              ],
              [
                -34.8302464,
                -7.9581697
              ],
              [
                -34.8301076,
                -7.9582688
              ],
              [
                -34.8293361,
                -7.95882
              ],
              [
                -34.8266378,
                -7.9592976
              ],
              [
                -34.8267139,
                -7.9594368
              ],
              [
                -34.8267139,
                -7.9595856
              ],
              [
                -34.826716137751035,
                -7.95960062
              ],
              [
                -34.826992640709534,
                -7.95960062
              ],
              [
                -34.8270088,
                -7.9595855
              ],
              [
                -34.827328,
                -7.9595562
              ],
              [
                -34.8274273,
                -7.9595562
              ],
              [
                -34.8275131,
                -7.9595323
              ],
              [
                -34.8275775,
                -7.959458
              ],
              [
                -34.8278086,
                -7.9594667
              ],
              [
                -34.828122,
                -7.9594925
              ],
              [
                -34.8282145,
                -7.959527
              ],
              [
                -34.8282976,
                -7.9595788
              ],
              [
                -34.82831667411236,
                -7.95960062
              ],
              [
                -34.83463035764706,
                -7.95960062
              ],
              [
                -34.8340004,
                -7.9594023
              ]
            ]
          ]
        ]
      }
    },
    {
      "type": "Feature",
      "properties": {
        "nome": "OURO PRETO",
        "valor": 31
      },
      "geometry": {
        "type": "Polygon",
        "coordinates": [
          [
            [
              -34.8640243,
              -8.0048403
            ],
            [
              -34.8642273,
              -8.0048314
            ],
            [
              -34.8643398,
              -8.0046666
            ],
            [
              -34.8644948,
              -8.0044938
            ],
            [
              -34.8645276,
              -8.0042682
            ],
            [
              -34.8645115,
              -8.0042151
            ],
            [
              -34.8646295,
              -8.0040823
            ],
            [
              -34.8646885,
              -8.0039017
            ],
            [
              -34.864769,
              -8.0037635
            ],
            [
              -34.8648406,
              -8.0035843
            ],
            [
              -34.8649675,
              -8.003158
            ],
            [
              -34.8650909,
              -8.0029561
            ],
            [
              -34.8652596,
              -8.0026958
            ],
            [
              -34.8654003,
              -8.0025682
            ],
            [
              -34.8655159,
              -8.0025084
            ],
            [
              -34.8656851,
              -8.0024206
            ],
            [
              -34.86572283587444,
              -8.0024103
            ],
            [
              -34.864017950000004,
              -8.0024103
            ],
            [
              -34.864017950000004,
              -8.004841533121596
            ],
            [
              -34.8640243,
              -8.0048403
            ]
          ]
        ]
      }
    },
    {
      "type": "Feature",
      "properties": {
        "nome": "OURO PRETO (7/RO)",
        "valor": 45
      },
      "geometry": {
        "type": "Polygon",
        "coordinates": [
          [
            [
              -34.8596176,
              -8.011376
            ],
            [
              -34.8598648,
              -8.0109148
            ],
            [
              -34.8599753,
              -8.0107149
            ],
            [
              -34.8604506,
              -8.0100188
            ],
            [
              -34.8609026,
              -8.0092632
            ],
            [
              -34.8610005,
              -8.0090985
            ],
            [
              -34.8612641,
              -8.0086262
            ],
            [
              -34.8613626,
              -8.0085638
            ],
            [
              -34.8617545,
              -8.0085208
            ],
            [
              -34.8618006,
              -8.0084032
            ],
            [
              -34.8618231,
              -8.0081995
            ],
            [
              -34.8619311,
              -8.0078495
            ],
            [
              -34.862446,
              -8.0070905
            ],
            [
              -34.8629934,
              -8.0062434
            ],
            [
              -34.8633289,
              -8.0057117
            ],
            [
              -34.8635061,
              -8.0054466
            ],
            [
              -34.8636908,
              -8.0051119
            ],
            [
              -34.86381,
              -8.0049505
            ],
            [
              -34.8639692,
              -8.004851
            ],
            [
              -34.864017950000004,
              -8.004841533121596
            ],
            [
              -34.864017950000004,
              -8.0024103
            ],
            [
              -34.859475625,
              -8.0024103
            ],
            [
              -34.859475625,
              -8.011620819805193
            ],
            [
              -34.8596176,
              -8.011376
            ]
          ]
        ]
      }
    },
    {
      "type": "Feature",
      "properties": {
        "nome": "OURO PRETO (ARG)",
        "valor": 56
      },
      "geometry": {
        "type": "Polygon",
        "coordinates": [
          [
            [
              -34.8565145,
              -8.0024318
            ],
            [
              -34.8566279,
              -8.0028968
            ],
            [
              -34.8566522,
              -8.002989
            ],
            [
              -34.8566711,
              -8.0030728
            ],
            [
              -34.8566814,
              -8.0031153
            ],
            [
              -34.8570062,
              -8.0044544
            ],
            [
              -34.8570843,
              -8.0047763
            ],
            [
              -34.8575062,
              -8.0064888
            ],
            [
              -34.8576644,
              -8.0069641
            ],
            [
              -34.8576894,
              -8.0070488
            ],
            [
              -34.8578367,
              -8.0075479
            ],
            [
              -34.8580351,
              -8.0082152
            ],
            [
              -34.8580828,
              -8.0083756
            ],
            [
              -34.8582313,
              -8.0089335
            ],
            [
              -34.8582608,
              -8.0090342
            ],
            [
              -34.8582797,
              -8.009099
            ],
            [
              -34.8583109,
              -8.0092057
            ],
            [
              -34.8585147,
              -8.0098714
            ],
            [
              -34.8586696,
              -8.0102891
            ],
            [
              -34.8588903,
              -8.0111304
            ],
            [
              -34.8590331,
              -8.0117672
            ],
            [
              -34.8591395,
              -8.012227
            ],
            [
              -34.8592711,
              -8.0119735
            ],
            [
              -34.859475625,
              -8.011620819805193
            ],
            [
              -34.859475625,
              -8.0024103
            ],
            [
              -34.856508383843526,
              -8.0024103
            ],
            [
              -34.8565145,
              -8.0024318
            ]
          ]
        ]
      }
    },
    {
      "type": "Feature",
      "properties": {
        "nome": "OURO PRETO (CAP)",
        "valor": 95
      },
      "geometry": {
        "type": "Polygon",
        "coordinates": [
          [
            [
              -34.872902,
              -7.9979622
            ],
            [
              -34.8727331,
              -7.9978148
            ],
            [
              -34.8725804,
              -7.9976781
            ],
            [
              -34.8725692,
              -7.997668
            ],
            [
              -34.8724091,
              -7.9975241
            ],
            [
              -34.872298,
              -7.997425
            ],
            [
              -34.8719447,
              -7.9971084
            ],
            [
              -34.8719166,
              -7.9970832
            ],
            [
              -34.8718748,
              -7.9970439
            ],
            [
              -34.8716549,
              -7.9968259
            ],
            [
              -34.8716317,
              -7.9968019
            ],
            [
              -34.8714837,
              -7.9966558
            ],
            [
              -34.8713414,
              -7.9965143
            ],
            [
              -34.8712391,
              -7.996411
            ],
            [
              -34.8711764,
              -7.9963497
            ],
            [
              -34.8710827,
              -7.9962579
            ],
            [
              -34.8709976,
              -7.9961744
            ],
            [
              -34.87058,
              -7.9957655
            ],
            [
              -34.8703086,
              -7.9955209
            ],
            [
              -34.8702868,
              -7.9955013
            ],
            [
              -34.8701748,
              -7.9954004
            ],
            [
              -34.8701401,
              -7.9953692
            ],
            [
              -34.8699979,
              -7.9952387
            ],
            [
              -34.8699269,
              -7.9951771
            ],
            [
              -34.8698694,
              -7.995126
            ],
            [
              -34.8697797,
              -7.9950423
            ],
            [
              -34.8697404,
              -7.9950089
            ],
            [
              -34.8697199,
              -7.9949916
            ],
            [
              -34.8692515,
              -7.9945593
            ],
            [
              -34.8689899,
              -7.9943219
            ],
            [
              -34.8689468,
              -7.9942828
            ],
            [
              -34.8687706,
              -7.9941229
            ],
            [
              -34.868560275,
              -7.993944070027141
            ],
            [
              -34.868560275,
              -7.999992488543786
            ],
            [
              -34.868793,
              -7.9998514
            ],
            [
              -34.8688158,
              -7.9998381
            ],
            [
              -34.8688305,
              -7.9998222
            ],
            [
              -34.8688386,
              -7.9998029
            ],
            [
              -34.8688292,
              -7.9997717
            ],
            [
              -34.8690505,
              -7.999621
            ],
            [
              -34.8691638,
              -7.9995453
            ],
            [
              -34.869253,
              -7.9994802
            ],
            [
              -34.869312,
              -7.999433
            ],
            [
              -34.8693945,
              -7.9993381
            ],
            [
              -34.8694457,
              -7.9992864
            ],
            [
              -34.8695447,
              -7.9993852
            ],
            [
              -34.8696224,
              -7.9994503
            ],
            [
              -34.8696958,
              -7.999517
            ],
            [
              -34.8697398,
              -7.9995632
            ],
            [
              -34.8698089,
              -7.9996316
            ],
            [
              -34.8698645,
              -7.999706
            ],
            [
              -34.8699309,
              -7.9997996
            ],
            [
              -34.8700208,
              -7.9999225
            ],
            [
              -34.8700523,
              -7.9999636
            ],
            [
              -34.870118,
              -8.0000254
            ],
            [
              -34.8701971,
              -8.0000964
            ],
            [
              -34.8703124,
              -8.0001827
            ],
            [
              -34.8703889,
              -8.0002359
            ],
            [
              -34.8705243,
              -8.0003069
            ],
            [
              -34.8706638,
              -8.0003713
            ],
            [
              -34.87082,
              -8.0003992
            ],
            [
              -34.870924,
              -8.0004032
            ],
            [
              -34.8711198,
              -8.0003992
            ],
            [
              -34.8712224,
              -8.0004072
            ],
            [
              -34.8712888,
              -8.0004231
            ],
            [
              -34.871331,
              -8.000439
            ],
            [
              -34.8715328,
              -8.0005811
            ],
            [
              -34.8715825,
              -8.0004935
            ],
            [
              -34.871907,
              -7.9999915
            ],
            [
              -34.8722758,
              -7.9994005
            ],
            [
              -34.8723489,
              -7.9992823
            ],
            [
              -34.8723851,
              -7.9992245
            ],
            [
              -34.8724388,
              -7.9991309
            ],
            [
              -34.8724763,
              -7.9990702
            ],
            [
              -34.8725997,
              -7.998863
            ],
            [
              -34.872876,
              -7.9984569
            ],
            [
              -34.8731026,
              -7.9981501
            ],
            [
              -34.872902,
              -7.9979622
            ]
          ]
        ]
      }
    },
    {
      "type": "Feature",
      "properties": {
        "nome": "OURO PRETO (CEL)",
        "valor": 35
      },
      "geometry": {
        "type": "Polygon",
        "coordinates": [
          [
            [
              -34.8684574,
              -7.9938566
            ],
            [
              -34.8678949,
              -7.9933394
            ],
            [
              -34.8677935,
              -7.9932504
            ],
            [
              -34.8676061,
              -7.9930709
            ],
            [
              -34.8673075,
              -7.9927809
            ],
            [
              -34.8671082164335,
              -7.9925936
            ],
            [
              -34.864017950000004,
              -7.9925936
            ],
            [
              -34.864017950000004,
              -8.0024103
            ],
            [
              -34.86572283587444,
              -8.0024103
            ],
            [
              -34.8657668,
              -8.0023983
            ],
            [
              -34.8658395,
              -8.0024063
            ],
            [
              -34.8658937,
              -8.0023357
            ],
            [
              -34.8659294,
              -8.0021081
            ],
            [
              -34.8659334,
              -8.0020616
            ],
            [
              -34.8659485,
              -8.0018302
            ],
            [
              -34.8659907,
              -8.0016874
            ],
            [
              -34.8660141,
              -8.0015974
            ],
            [
              -34.8661827,
              -8.0014711
            ],
            [
              -34.866375,
              -8.0013507
            ],
            [
              -34.8673182,
              -8.0007553
            ],
            [
              -34.8677619,
              -8.0004765
            ],
            [
              -34.868560275,
              -7.999992488543786
            ],
            [
              -34.868560275,
              -7.993944070027141
            ],
            [
              -34.8684574,
              -7.9938566
            ]
          ]
        ]
      }
    },
    {
      "type": "Feature",
      "properties": {
        "nome": "OURO PRETO (DIN)",
        "valor": 56
      },
      "geometry": {
        "type": "Polygon",
        "coordinates": [
          [
            [
              -34.864017950000004,
              -7.9925936
            ],
            [
              -34.859475625,
              -7.9925936
            ],
            [
              -34.859475625,
              -8.0024103
            ],
            [
              -34.864017950000004,
              -8.0024103
            ],
            [
              -34.864017950000004,
              -7.9925936
            ]
          ]
        ]
      }
    },
    {
      "type": "Feature",
      "properties": {
        "nome": "OURO PRETO (FLOR)",
        "valor": 86
      },
      "geometry": {
        "type": "Polygon",
        "coordinates": [
          [
            [
              -34.8549708,
              -7.993631
            ],
            [
              -34.8549333,
              -7.9951766
            ],
            [
              -34.8549387,
              -7.9962656
            ],
            [
              -34.8549736,
              -7.9966109
            ],
            [
              -34.8550299,
              -7.9969589
            ],
            [
              -34.8551935,
              -7.9976707
            ],
            [
              -34.8556173,
              -7.9992777
            ],
            [
              -34.8562069,
              -8.0013505
            ],
            [
              -34.856508383843526,
              -8.0024103
            ],
            [
              -34.859475625,
              -8.0024103
            ],
            [
              -34.859475625,
              -7.9925936
            ],
            [
              -34.85499284384313,
              -7.9925936
            ],
            [
              -34.8549708,
              -7.993631
            ]
          ]
        ]
      }
    },
    {
      "type": "Feature",
      "properties": {
        "nome": "OURO PRETO (IST)",
        "valor": 91
      },
      "geometry": {
        "type": "Polygon",
        "coordinates": [
          [
            [
              -34.8667371,
              -7.9922448
            ],
            [
              -34.8666325,
              -7.992147
            ],
            [
              -34.8662738,
              -7.9917699
            ],
            [
              -34.865892,
              -7.9913656
            ],
            [
              -34.8658481,
              -7.9913224
            ],
            [
              -34.8650041,
              -7.9903788
            ],
            [
              -34.8642474,
              -7.9895895
            ],
            [
              -34.8640485,
              -7.989382
            ],
            [
              -34.864017950000004,
              -7.989351695184593
            ],
            [
              -34.864017950000004,
              -7.9925936
            ],
            [
              -34.8671082164335,
              -7.9925936
            ],
            [
              -34.8667371,
              -7.9922448
            ]
          ]
        ]
      }
    },
    {
      "type": "Feature",
      "properties": {
        "nome": "OURO PRETO (IZA)",
        "valor": 45
      },
      "geometry": {
        "type": "Polygon",
        "coordinates": [
          [
            [
              -34.8638616,
              -7.9891966
            ],
            [
              -34.8638048,
              -7.9891354
            ],
            [
              -34.8636483,
              -7.9889666
            ],
            [
              -34.8628545,
              -7.9881404
            ],
            [
              -34.8622429,
              -7.987477
            ],
            [
              -34.8621041,
              -7.9873417
            ],
            [
              -34.861997,
              -7.9872405
            ],
            [
              -34.8612175,
              -7.9864128
            ],
            [
              -34.8607571,
              -7.985891
            ],
            [
              -34.8606931,
              -7.9858254
            ],
            [
              -34.8604341,
              -7.9855534
            ],
            [
              -34.8600617,
              -7.985208
            ],
            [
              -34.8596594,
              -7.9848746
            ],
            [
              -34.859532,
              -7.9847724
            ],
            [
              -34.859475625,
              -7.984730974714372
            ],
            [
              -34.859475625,
              -7.9925936
            ],
            [
              -34.864017950000004,
              -7.9925936
            ],
            [
              -34.864017950000004,
              -7.989351695184593
            ],
            [
              -34.8638616,
              -7.9891966
            ]
          ]
        ]
      }
    },
    {
      "type": "Feature",
      "properties": {
        "nome": "OURO PRETO (MERE)",
        "valor": 37
      },
      "geometry": {
        "type": "Polygon",
        "coordinates": [
          [
            [
              -34.8593657,
              -7.9846502
            ],
            [
              -34.8587541,
              -7.9841495
            ],
            [
              -34.8584763,
              -7.9839627
            ],
            [
              -34.8580447,
              -7.9837816
            ],
            [
              -34.8579347,
              -7.9837179
            ],
            [
              -34.8577684,
              -7.9835957
            ],
            [
              -34.8575163,
              -7.9833646
            ],
            [
              -34.8573419,
              -7.9832424
            ],
            [
              -34.8563153,
              -7.9827769
            ],
            [
              -34.8562957,
              -7.9828219
            ],
            [
              -34.8561106,
              -7.9832663
            ],
            [
              -34.855958,
              -7.9836442
            ],
            [
              -34.8559233,
              -7.9837519
            ],
            [
              -34.8559025,
              -7.9838802
            ],
            [
              -34.8559117,
              -7.9840336
            ],
            [
              -34.8559603,
              -7.9842902
            ],
            [
              -34.8560042,
              -7.984478
            ],
            [
              -34.8560738,
              -7.9847454
            ],
            [
              -34.8561014,
              -7.9848414
            ],
            [
              -34.8561101,
              -7.9848846
            ],
            [
              -34.8561256,
              -7.985086
            ],
            [
              -34.8561223,
              -7.9854206
            ],
            [
              -34.8561238,
              -7.9855391
            ],
            [
              -34.856096,
              -7.98579
            ],
            [
              -34.8560397,
              -7.9860414
            ],
            [
              -34.8559706,
              -7.9863906
            ],
            [
              -34.8559174,
              -7.9866127
            ],
            [
              -34.855901,
              -7.9867092
            ],
            [
              -34.8557983,
              -7.9873162
            ],
            [
              -34.8554489,
              -7.9890855
            ],
            [
              -34.8554306,
              -7.9891781
            ],
            [
              -34.8551956,
              -7.9905906
            ],
            [
              -34.8550466,
              -7.9914939
            ],
            [
              -34.8550103,
              -7.9917721
            ],
            [
              -34.85499284384313,
              -7.9925936
            ],
            [
              -34.859475625,
              -7.9925936
            ],
            [
              -34.859475625,
              -7.984730974714372
            ],
            [
              -34.8593657,
              -7.9846502
            ]
          ]
        ]
      }
    },
    {
      "type": "Feature",
      "properties": {
        "nome": "FRAGOSO",
        "valor": 52
      },
      "geometry": {
        "type": "Polygon",
        "coordinates": [
          [
            [
              -34.8440999,
              -7.9856969
            ],
            [
              -34.8442882,
              -7.9859623
            ],
            [
              -34.8445937,
              -7.9863994
            ],
            [
              -34.8448362,
              -7.9867252
            ],
            [
              -34.8454856,
              -7.9874669
            ],
            [
              -34.8455611,
              -7.9875782
            ],
            [
              -34.8455796,
              -7.9876854
            ],
            [
              -34.8456115,
              -7.9879479
            ],
            [
              -34.8455767,
              -7.9880729
            ],
            [
              -34.845519,
              -7.9882912
            ],
            [
              -34.845452,
              -7.9885626
            ],
            [
              -34.8453467,
              -7.988876
            ],
            [
              -34.8452813,
              -7.9891056
            ],
            [
              -34.8451792,
              -7.9894549
            ],
            [
              -34.845147,
              -7.9896194
            ],
            [
              -34.8450781,
              -7.9898989
            ],
            [
              -34.8450672,
              -7.9901626
            ],
            [
              -34.8450583,
              -7.99041
            ],
            [
              -34.8450587,
              -7.9906478
            ],
            [
              -34.845116,
              -7.9908068
            ],
            [
              -34.8451106,
              -7.9910272
            ],
            [
              -34.8450865,
              -7.9912503
            ],
            [
              -34.8450704,
              -7.9915319
            ],
            [
              -34.8450489,
              -7.9916753
            ],
            [
              -34.8450597,
              -7.9919091
            ],
            [
              -34.8450543,
              -7.9921508
            ],
            [
              -34.845057,
              -7.9924562
            ],
            [
              -34.8450221,
              -7.9926634
            ],
            [
              -34.8449738,
              -7.9928467
            ],
            [
              -34.844968,
              -7.9930601
            ],
            [
              -34.8449775,
              -7.9931648
            ],
            [
              -34.8450462,
              -7.9935478
            ],
            [
              -34.8450503,
              -7.9940531
            ],
            [
              -34.8450194,
              -7.9953247
            ],
            [
              -34.845058,
              -7.9954191
            ],
            [
              -34.8451106,
              -7.9955479
            ],
            [
              -34.8451128,
              -7.9957871
            ],
            [
              -34.8450811,
              -7.996358
            ],
            [
              -34.8452516,
              -7.9968533
            ],
            [
              -34.8455,
              -7.997267
            ],
            [
              -34.8465355,
              -7.99918
            ],
            [
              -34.8465568,
              -7.999197
            ],
            [
              -34.8466805,
              -7.9991419
            ],
            [
              -34.8467093,
              -7.9991283
            ],
            [
              -34.8472019,
              -7.9989085
            ],
            [
              -34.8472635,
              -7.9988806
            ],
            [
              -34.8477732,
              -7.9986508
            ],
            [
              -34.8481849,
              -7.9984503
            ],
            [
              -34.8484953,
              -7.9983135
            ],
            [
              -34.8491411,
              -7.9979908
            ],
            [
              -34.8494261,
              -7.9978659
            ],
            [
              -34.8493487,
              -7.9977404
            ],
            [
              -34.849153,
              -7.9974262
            ],
            [
              -34.8492551,
              -7.9973681
            ],
            [
              -34.8501402,
              -7.9968794
            ],
            [
              -34.8504031,
              -7.9967253
            ],
            [
              -34.8506116,
              -7.9965918
            ],
            [
              -34.8508789,
              -7.9964315
            ],
            [
              -34.8511054,
              -7.9963063
            ],
            [
              -34.8515841,
              -7.9960053
            ],
            [
              -34.8517157,
              -7.9959193
            ],
            [
              -34.8518134,
              -7.9958595
            ],
            [
              -34.8519496,
              -7.9957689
            ],
            [
              -34.852285,
              -7.9955607
            ],
            [
              -34.8523343,
              -7.9955301
            ],
            [
              -34.8525528,
              -7.9954011
            ],
            [
              -34.8527091,
              -7.9953413
            ],
            [
              -34.8529376,
              -7.9952749
            ],
            [
              -34.8529765,
              -7.9952627
            ],
            [
              -34.8533647,
              -7.9951869
            ],
            [
              -34.8534771,
              -7.995166
            ],
            [
              -34.8536415,
              -7.9951523
            ],
            [
              -34.8537166,
              -7.995154
            ],
            [
              -34.8541313,
              -7.9951407
            ],
            [
              -34.8545227,
              -7.9951741
            ],
            [
              -34.8547429,
              -7.9951711
            ],
            [
              -34.8547962,
              -7.9951704
            ],
            [
              -34.8549333,
              -7.9951766
            ],
            [
              -34.8549708,
              -7.993631
            ],
            [
              -34.8550103,
              -7.9917721
            ],
            [
              -34.8550466,
              -7.9914939
            ],
            [
              -34.8551956,
              -7.9905906
            ],
            [
              -34.8554306,
              -7.9891781
            ],
            [
              -34.8554489,
              -7.9890855
            ],
            [
              -34.8557983,
              -7.9873162
            ],
            [
              -34.855901,
              -7.9867092
            ],
            [
              -34.8559174,
              -7.9866127
            ],
            [
              -34.8559706,
              -7.9863906
            ],
            [
              -34.8560397,
              -7.9860414
            ],
            [
              -34.856096,
              -7.98579
            ],
            [
              -34.8561238,
              -7.9855391
            ],
            [
              -34.856122850632914,
              -7.9854641
            ],
            [
              -34.84394389644971,
              -7.9854641
            ],
            [
              -34.8440999,
              -7.9856969
            ]
          ]
        ]
      }
    },
    {
      "type": "Feature",
      "properties": {
        "nome": "FRAGOSO (JATOBA)",
        "valor": 88
      },
      "geometry": {
        "type": "Polygon",
        "coordinates": [
          [
            [
              -34.8639635,
              -7.9745588
            ],
            [
              -34.8633982,
              -7.9745712
            ],
            [
              -34.863243,
              -7.9745151
            ],
            [
              -34.8629691,
              -7.9743556
            ],
            [
              -34.8584217,
              -7.9717312
            ],
            [
              -34.8583155,
              -7.9717698
            ],
            [
              -34.8581996,
              -7.9718425
            ],
            [
              -34.8580693,
              -7.9719593
            ],
            [
              -34.8576558,
              -7.9721464
            ],
            [
              -34.8573756,
              -7.9722559
            ],
            [
              -34.8569463,
              -7.9724222
            ],
            [
              -34.8566578,
              -7.9725654
            ],
            [
              -34.8566214,
              -7.9725888
            ],
            [
              -34.8563906,
              -7.972779
            ],
            [
              -34.856226,
              -7.9730432
            ],
            [
              -34.8561413,
              -7.9731689
            ],
            [
              -34.8560328,
              -7.973381
            ],
            [
              -34.8557635,
              -7.9739074
            ],
            [
              -34.8555417,
              -7.9742211
            ],
            [
              -34.8554825,
              -7.9743129
            ],
            [
              -34.8553689,
              -7.9744893
            ],
            [
              -34.8550554,
              -7.974892
            ],
            [
              -34.8545846,
              -7.9755778
            ],
            [
              -34.8541504,
              -7.9761927
            ],
            [
              -34.8536325,
              -7.977234
            ],
            [
              -34.8532986,
              -7.9781131
            ],
            [
              -34.8531785,
              -7.9793683
            ],
            [
              -34.8531631,
              -7.9795137
            ],
            [
              -34.853159,
              -7.9795941
            ],
            [
              -34.8531611,
              -7.9796552
            ],
            [
              -34.8531887,
              -7.9798911
            ],
            [
              -34.853159,
              -7.9801957
            ],
            [
              -34.8524323,
              -7.9797558
            ],
            [
              -34.8523888,
              -7.9801056
            ],
            [
              -34.8524185,
              -7.9809105
            ],
            [
              -34.8524228,
              -7.981053
            ],
            [
              -34.8523933,
              -7.9810802
            ],
            [
              -34.8523269,
              -7.9811168
            ],
            [
              -34.8522867,
              -7.9811573
            ],
            [
              -34.8522665,
              -7.9811872
            ],
            [
              -34.8521487,
              -7.9820615
            ],
            [
              -34.8521031,
              -7.9823279
            ],
            [
              -34.8509278,
              -7.9822157
            ],
            [
              -34.8495606,
              -7.982084
            ],
            [
              -34.8493871,
              -7.9820195
            ],
            [
              -34.849168,
              -7.9819379
            ],
            [
              -34.8487745,
              -7.9820401
            ],
            [
              -34.848458,
              -7.9821483
            ],
            [
              -34.8481342,
              -7.9822171
            ],
            [
              -34.8474693,
              -7.9822623
            ],
            [
              -34.8462505,
              -7.9827293
            ],
            [
              -34.8452506,
              -7.9830902
            ],
            [
              -34.8448153,
              -7.9832511
            ],
            [
              -34.8447379,
              -7.9832734
            ],
            [
              -34.8443422,
              -7.9835249
            ],
            [
              -34.8438162,
              -7.9835702
            ],
            [
              -34.8425207,
              -7.9830348
            ],
            [
              -34.8426363,
              -7.9832564
            ],
            [
              -34.8429948,
              -7.9838746
            ],
            [
              -34.8436922,
              -7.9850885
            ],
            [
              -34.84394389644971,
              -7.9854641
            ],
            [
              -34.856122850632914,
              -7.9854641
            ],
            [
              -34.8561223,
              -7.9854206
            ],
            [
              -34.8561256,
              -7.985086
            ],
            [
              -34.8561101,
              -7.9848846
            ],
            [
              -34.8561014,
              -7.9848414
            ],
            [
              -34.8560738,
              -7.9847454
            ],
            [
              -34.8560042,
              -7.984478
            ],
            [
              -34.8559603,
              -7.9842902
            ],
            [
              -34.8559117,
              -7.9840336
            ],
            [
              -34.8559025,
              -7.9838802
            ],
            [
              -34.8559233,
              -7.9837519
            ],
            [
              -34.855958,
              -7.9836442
            ],
            [
              -34.8561106,
              -7.9832663
            ],
            [
              -34.8562957,
              -7.9828219
            ],
            [
              -34.8563153,
              -7.9827769
            ],
            [
              -34.8563327,
              -7.9827371
            ],
            [
              -34.8566935,
              -7.9818621
            ],
            [
              -34.8567629,
              -7.9817407
            ],
            [
              -34.8568693,
              -7.981617
            ],
            [
              -34.8571515,
              -7.9813513
            ],
            [
              -34.8572246,
              -7.9812801
            ],
            [
              -34.8573964,
              -7.9811234
            ],
            [
              -34.8574003,
              -7.9811198
            ],
            [
              -34.8574859,
              -7.9810518
            ],
            [
              -34.8586206,
              -7.9800598
            ],
            [
              -34.8593766,
              -7.9794382
            ],
            [
              -34.8594799,
              -7.9793581
            ],
            [
              -34.8601722,
              -7.9788359
            ],
            [
              -34.8604378,
              -7.9786152
            ],
            [
              -34.8607386,
              -7.9783855
            ],
            [
              -34.8611717,
              -7.9780549
            ],
            [
              -34.8625373,
              -7.9769802
            ],
            [
              -34.8626389,
              -7.9769013
            ],
            [
              -34.8627842,
              -7.9767877
            ],
            [
              -34.8629426,
              -7.976672
            ],
            [
              -34.8631347,
              -7.9765233
            ],
            [
              -34.8633225,
              -7.976331
            ],
            [
              -34.8634558,
              -7.9761271
            ],
            [
              -34.8637006,
              -7.9757006
            ],
            [
              -34.8638547,
              -7.9753796
            ],
            [
              -34.8640107,
              -7.9750546
            ],
            [
              -34.8642478,
              -7.9745606
            ],
            [
              -34.8641406,
              -7.9745269
            ],
            [
              -34.8639635,
              -7.9745588
            ]
          ]
        ]
      }
    },
    {
      "type": "Feature",
      "properties": {
        "nome": "ALTO DA CONQUISTA",
        "valor": 52
      },
      "geometry": {
        "type": "Polygon",
        "coordinates": [
          [
            [
              -34.8989617,
              -7.9824905
            ],
            [
              -34.8989739,
              -7.9824973
            ],
            [
              -34.8989774,
              -7.9825077
            ],
            [
              -34.8990161,
              -7.9826222
            ],
            [
              -34.8990563,
              -7.9827663
            ],
            [
              -34.8991086,
              -7.9829383
            ],
            [
              -34.8992192,
              -7.9833592
            ],
            [
              -34.8993034,
              -7.9837325
            ],
            [
              -34.8993357,
              -7.9838356
            ],
            [
              -34.8993265,
              -7.9839295
            ],
            [
              -34.8992823,
              -7.9843494
            ],
            [
              -34.8992652,
              -7.9844686
            ],
            [
              -34.8992692,
              -7.9845257
            ],
            [
              -34.899285,
              -7.9845918
            ],
            [
              -34.8993128,
              -7.9846854
            ],
            [
              -34.8993658,
              -7.9848082
            ],
            [
              -34.8993886,
              -7.9848519
            ],
            [
              -34.899458,
              -7.9849497
            ],
            [
              -34.899566,
              -7.9851037
            ],
            [
              -34.8996189,
              -7.9852067
            ],
            [
              -34.8996431,
              -7.985297
            ],
            [
              -34.8996397,
              -7.9853913
            ],
            [
              -34.8996196,
              -7.985459
            ],
            [
              -34.8995767,
              -7.9855626
            ],
            [
              -34.8995103,
              -7.9856974
            ],
            [
              -34.8994372,
              -7.9858402
            ],
            [
              -34.8994017,
              -7.9858993
            ],
            [
              -34.899348,
              -7.9859624
            ],
            [
              -34.8992622,
              -7.9860347
            ],
            [
              -34.8991971,
              -7.9860839
            ],
            [
              -34.8991333,
              -7.9861275
            ],
            [
              -34.8991007,
              -7.986179
            ],
            [
              -34.8990578,
              -7.9862553
            ],
            [
              -34.8990255,
              -7.9863187
            ],
            [
              -34.8990102,
              -7.9863682
            ],
            [
              -34.899002,
              -7.9864152
            ],
            [
              -34.8989953,
              -7.9865274
            ],
            [
              -34.8989826,
              -7.9866636
            ],
            [
              -34.8989859,
              -7.9869684
            ],
            [
              -34.89899,
              -7.9871125
            ],
            [
              -34.899006,
              -7.9873429
            ],
            [
              -34.8990536,
              -7.9876457
            ],
            [
              -34.8990633,
              -7.9877771
            ],
            [
              -34.8990405,
              -7.9879692
            ],
            [
              -34.8988948,
              -7.9884053
            ],
            [
              -34.8988659,
              -7.9884576
            ],
            [
              -34.8988029,
              -7.9886235
            ],
            [
              -34.8986691,
              -7.9889349
            ],
            [
              -34.8986487,
              -7.9889931
            ],
            [
              -34.8986289,
              -7.9890468
            ],
            [
              -34.8986114,
              -7.9891006
            ],
            [
              -34.8986138,
              -7.9891583
            ],
            [
              -34.8986495,
              -7.9892185
            ],
            [
              -34.8986695,
              -7.9892413
            ],
            [
              -34.898698,
              -7.9892721
            ],
            [
              -34.8987206,
              -7.9892975
            ],
            [
              -34.8987493,
              -7.9893226
            ],
            [
              -34.8988297,
              -7.9892238
            ],
            [
              -34.8988941,
              -7.9891544
            ],
            [
              -34.8989397,
              -7.9891046
            ],
            [
              -34.8990496,
              -7.9889997
            ],
            [
              -34.8994271,
              -7.9886318
            ],
            [
              -34.8995512,
              -7.9884977
            ],
            [
              -34.8996136,
              -7.9884041
            ],
            [
              -34.8996981,
              -7.9882533
            ],
            [
              -34.8997517,
              -7.9881384
            ],
            [
              -34.8998228,
              -7.988005
            ],
            [
              -34.8998905,
              -7.9878854
            ],
            [
              -34.8999575,
              -7.9877878
            ],
            [
              -34.9000206,
              -7.9877181
            ],
            [
              -34.9001024,
              -7.9876537
            ],
            [
              -34.900201,
              -7.9875939
            ],
            [
              -34.9004866,
              -7.9874578
            ],
            [
              -34.900661,
              -7.9873861
            ],
            [
              -34.9009079,
              -7.9873004
            ],
            [
              -34.901078,
              -7.9872466
            ],
            [
              -34.9012973,
              -7.9871915
            ],
            [
              -34.9014984,
              -7.9871258
            ],
            [
              -34.9015159,
              -7.9871166
            ],
            [
              -34.9016574,
              -7.9870424
            ],
            [
              -34.9018257,
              -7.9869584
            ],
            [
              -34.9020041,
              -7.9868754
            ],
            [
              -34.9021013,
              -7.9868316
            ],
            [
              -34.9022083,
              -7.9867928
            ],
            [
              -34.9022934,
              -7.9867592
            ],
            [
              -34.9023853,
              -7.986729
            ],
            [
              -34.9024701,
              -7.9867051
            ],
            [
              -34.9025435,
              -7.9866825
            ],
            [
              -34.9026025,
              -7.9866646
            ],
            [
              -34.9026849,
              -7.9866288
            ],
            [
              -34.9027333,
              -7.9865854
            ],
            [
              -34.9027537,
              -7.9865627
            ],
            [
              -34.9028617,
              -7.9864192
            ],
            [
              -34.9029328,
              -7.9863342
            ],
            [
              -34.9030589,
              -7.9861881
            ],
            [
              -34.9031554,
              -7.9860633
            ],
            [
              -34.9032117,
              -7.985967
            ],
            [
              -34.9032761,
              -7.9858183
            ],
            [
              -34.9033298,
              -7.9856762
            ],
            [
              -34.9033767,
              -7.9855294
            ],
            [
              -34.9034156,
              -7.9854238
            ],
            [
              -34.9034558,
              -7.985287
            ],
            [
              -34.9034813,
              -7.9851804
            ],
            [
              -34.9035028,
              -7.9850513
            ],
            [
              -34.9034994,
              -7.9849636
            ],
            [
              -34.9034907,
              -7.9848209
            ],
            [
              -34.9034692,
              -7.9845486
            ],
            [
              -34.9034397,
              -7.9841588
            ],
            [
              -34.9034384,
              -7.9839609
            ],
            [
              -34.9034444,
              -7.9839227
            ],
            [
              -34.9034598,
              -7.9837949
            ],
            [
              -34.9034969,
              -7.9836172
            ],
            [
              -34.9035115,
              -7.9835472
            ],
            [
              -34.9035343,
              -7.983344
            ],
            [
              -34.9035343,
              -7.983176
            ],
            [
              -34.9035256,
              -7.9829369
            ],
            [
              -34.903505,
              -7.9826169
            ],
            [
              -34.90349645028642,
              -7.98248465
            ],
            [
              -34.89895131021611,
              -7.98248465
            ],
            [
              -34.8989617,
              -7.9824905
            ]
          ]
        ]
      }
    },
    {
      "type": "Feature",
      "properties": {
        "nome": "ALTO JARDIM DA CONQUISTA",
        "valor": 82
      },
      "geometry": {
        "type": "Polygon",
        "coordinates": [
          [
            [
              -34.8952659,
              -7.9756467
            ],
            [
              -34.8950305,
              -7.9758577
            ],
            [
              -34.8946957,
              -7.9761144
            ],
            [
              -34.8946072,
              -7.9761954
            ],
            [
              -34.8945556,
              -7.9762578
            ],
            [
              -34.894453,
              -7.9764331
            ],
            [
              -34.8943537,
              -7.9766204
            ],
            [
              -34.8943269,
              -7.976728
            ],
            [
              -34.8943444,
              -7.9768528
            ],
            [
              -34.8944128,
              -7.9770069
            ],
            [
              -34.8945147,
              -7.9773469
            ],
            [
              -34.894563,
              -7.9775235
            ],
            [
              -34.8945978,
              -7.9776803
            ],
            [
              -34.8946515,
              -7.9779778
            ],
            [
              -34.8940118,
              -7.9781139
            ],
            [
              -34.8936573,
              -7.9781639
            ],
            [
              -34.8935228,
              -7.97822
            ],
            [
              -34.89336,
              -7.9783532
            ],
            [
              -34.8929707,
              -7.9790612
            ],
            [
              -34.8929187,
              -7.9792128
            ],
            [
              -34.8930167,
              -7.9793583
            ],
            [
              -34.8931803,
              -7.9796193
            ],
            [
              -34.8933345,
              -7.9798444
            ],
            [
              -34.8934156,
              -7.9799832
            ],
            [
              -34.8935229,
              -7.9801559
            ],
            [
              -34.8937751,
              -7.9805789
            ],
            [
              -34.8939219,
              -7.980796
            ],
            [
              -34.8940386,
              -7.9809899
            ],
            [
              -34.8941901,
              -7.9812024
            ],
            [
              -34.8942612,
              -7.98129
            ],
            [
              -34.8943162,
              -7.9813429
            ],
            [
              -34.8943786,
              -7.981389
            ],
            [
              -34.894594,
              -7.981463
            ],
            [
              -34.8947761,
              -7.9815193
            ],
            [
              -34.8952039,
              -7.9816432
            ],
            [
              -34.8953663,
              -7.9816892
            ],
            [
              -34.8956597,
              -7.9817697
            ],
            [
              -34.8960213,
              -7.9818632
            ],
            [
              -34.8963992,
              -7.9819516
            ],
            [
              -34.8968127,
              -7.9820537
            ],
            [
              -34.8970132,
              -7.9821042
            ],
            [
              -34.8974034,
              -7.9821925
            ],
            [
              -34.8975644,
              -7.9822344
            ],
            [
              -34.8976579,
              -7.9822444
            ],
            [
              -34.8982428,
              -7.9822967
            ],
            [
              -34.8983596,
              -7.9823121
            ],
            [
              -34.898591,
              -7.9823473
            ],
            [
              -34.8987499,
              -7.9823911
            ],
            [
              -34.8988713,
              -7.9824396
            ],
            [
              -34.89895131021611,
              -7.98248465
            ],
            [
              -34.90349645028642,
              -7.98248465
            ],
            [
              -34.9034813,
              -7.9822503
            ],
            [
              -34.9034753,
              -7.9820989
            ],
            [
              -34.9034679,
              -7.9818731
            ],
            [
              -34.9034673,
              -7.9816108
            ],
            [
              -34.9034767,
              -7.981405
            ],
            [
              -34.9035377,
              -7.9809926
            ],
            [
              -34.9035712,
              -7.980812
            ],
            [
              -34.9035859,
              -7.9806639
            ],
            [
              -34.9036771,
              -7.9801833
            ],
            [
              -34.9037012,
              -7.979949
            ],
            [
              -34.9036945,
              -7.9795795
            ],
            [
              -34.9036925,
              -7.9794371
            ],
            [
              -34.9036858,
              -7.9790306
            ],
            [
              -34.9036869,
              -7.9786611
            ],
            [
              -34.8952659,
              -7.9756467
            ]
          ]
        ]
      }
    },
    {
      "type": "Feature",
      "properties": {
        "nome": "ALTO DA BONDADE",
        "valor": 91
      },
      "geometry": {
        "type": "Polygon",
        "coordinates": [
          [
            [
              -34.9034994,
              -7.9849636
            ],
            [
              -34.9035028,
              -7.9850513
            ],
            [
              -34.9034813,
              -7.9851804
            ],
            [
              -34.9034558,
              -7.985287
            ],
            [
              -34.9034156,
              -7.9854238
            ],
            [
              -34.9033767,
              -7.9855294
            ],
            [
              -34.9033298,
              -7.9856762
            ],
            [
              -34.9032761,
              -7.9858183
            ],
            [
              -34.9032117,
              -7.985967
            ],
            [
              -34.9031554,
              -7.9860633
            ],
            [
              -34.9030589,
              -7.9861881
            ],
            [
              -34.9029328,
              -7.9863342
            ],
            [
              -34.9028617,
              -7.9864192
            ],
            [
              -34.9027537,
              -7.9865627
            ],
            [
              -34.9030119,
              -7.9865832
            ],
            [
              -34.9031199,
              -7.9865925
            ],
            [
              -34.9032044,
              -7.9866045
            ],
            [
              -34.9033512,
              -7.9866397
            ],
            [
              -34.9034659,
              -7.9866782
            ],
            [
              -34.9035792,
              -7.9867413
            ],
            [
              -34.9038032,
              -7.986653
            ],
            [
              -34.903881,
              -7.9866556
            ],
            [
              -34.9040741,
              -7.9866981
            ],
            [
              -34.9041733,
              -7.9867247
            ],
            [
              -34.9042913,
              -7.9867592
            ],
            [
              -34.904421,
              -7.9866269
            ],
            [
              -34.9046386,
              -7.986598
            ],
            [
              -34.9046669,
              -7.9865761
            ],
            [
              -34.904771,
              -7.9864955
            ],
            [
              -34.9049304,
              -7.9863229
            ],
            [
              -34.9051563,
              -7.9864518
            ],
            [
              -34.9053475,
              -7.9865607
            ],
            [
              -34.9055433,
              -7.9866882
            ],
            [
              -34.9059033,
              -7.986896
            ],
            [
              -34.9061816,
              -7.9870441
            ],
            [
              -34.9062755,
              -7.9871072
            ],
            [
              -34.9063969,
              -7.9871955
            ],
            [
              -34.9065229,
              -7.9872832
            ],
            [
              -34.9067898,
              -7.9874541
            ],
            [
              -34.9070701,
              -7.9876212
            ],
            [
              -34.9072002,
              -7.9876809
            ],
            [
              -34.9073081,
              -7.9877081
            ],
            [
              -34.9075247,
              -7.98774
            ],
            [
              -34.907628,
              -7.9877792
            ],
            [
              -34.9076977,
              -7.987819
            ],
            [
              -34.9078962,
              -7.9879419
            ],
            [
              -34.9075341,
              -7.9884358
            ],
            [
              -34.9074342,
              -7.9885721
            ],
            [
              -34.9073779,
              -7.9886298
            ],
            [
              -34.9073281,
              -7.9886786
            ],
            [
              -34.9072822,
              -7.9887057
            ],
            [
              -34.9071193,
              -7.9887978
            ],
            [
              -34.9070057,
              -7.9888457
            ],
            [
              -34.9069383,
              -7.9888662
            ],
            [
              -34.9068207,
              -7.9888812
            ],
            [
              -34.9067157,
              -7.9888819
            ],
            [
              -34.9065823,
              -7.9888984
            ],
            [
              -34.9064805,
              -7.988904
            ],
            [
              -34.9065658,
              -7.9889237
            ],
            [
              -34.9065933,
              -7.9889376
            ],
            [
              -34.9066222,
              -7.9889645
            ],
            [
              -34.9066383,
              -7.9889944
            ],
            [
              -34.906643,
              -7.9890379
            ],
            [
              -34.9066195,
              -7.9890947
            ],
            [
              -34.9065893,
              -7.9891694
            ],
            [
              -34.9064507,
              -7.9894639
            ],
            [
              -34.9064445,
              -7.9894929
            ],
            [
              -34.9064462,
              -7.9895246
            ],
            [
              -34.9064606,
              -7.9895568
            ],
            [
              -34.9069085,
              -7.9897839
            ],
            [
              -34.9073811,
              -7.9900324
            ],
            [
              -34.9083535,
              -7.9905337
            ],
            [
              -34.9086861,
              -7.989768
            ],
            [
              -34.9087787,
              -7.9898165
            ],
            [
              -34.9088712,
              -7.989863
            ],
            [
              -34.9089986,
              -7.9899227
            ],
            [
              -34.909181,
              -7.9899891
            ],
            [
              -34.9097389,
              -7.9901864
            ],
            [
              -34.9098971,
              -7.9898085
            ],
            [
              -34.9100634,
              -7.98943
            ],
            [
              -34.9101305,
              -7.9892932
            ],
            [
              -34.910215,
              -7.9891431
            ],
            [
              -34.9103209,
              -7.9889771
            ],
            [
              -34.9104805,
              -7.9887593
            ],
            [
              -34.9105838,
              -7.9886464
            ],
            [
              -34.9108805,
              -7.9884101
            ],
            [
              -34.9112906,
              -7.9884154
            ],
            [
              -34.9112808,
              -7.988072
            ],
            [
              -34.911477,
              -7.9881245
            ],
            [
              -34.9115467,
              -7.9881298
            ],
            [
              -34.9116111,
              -7.9881059
            ],
            [
              -34.9116594,
              -7.988082
            ],
            [
              -34.9117264,
              -7.9880581
            ],
            [
              -34.9118391,
              -7.9880661
            ],
            [
              -34.9119195,
              -7.988074
            ],
            [
              -34.9120134,
              -7.9880528
            ],
            [
              -34.9121223,
              -7.988032
            ],
            [
              -34.9123511,
              -7.9879836
            ],
            [
              -34.9123838,
              -7.9879761
            ],
            [
              -34.912428,
              -7.9879641
            ],
            [
              -34.9127596,
              -7.987976
            ],
            [
              -34.9128679,
              -7.9879697
            ],
            [
              -34.9129303,
              -7.9879617
            ],
            [
              -34.912998,
              -7.9879491
            ],
            [
              -34.9131449,
              -7.9879073
            ],
            [
              -34.9132896,
              -7.9881029
            ],
            [
              -34.9136268,
              -7.9878522
            ],
            [
              -34.913781,
              -7.9877194
            ],
            [
              -34.9138387,
              -7.9876822
            ],
            [
              -34.9139278,
              -7.9876364
            ],
            [
              -34.9140123,
              -7.9876092
            ],
            [
              -34.9140928,
              -7.9876012
            ],
            [
              -34.9141528,
              -7.9875723
            ],
            [
              -34.9141991,
              -7.9875431
            ],
            [
              -34.9142453,
              -7.9875089
            ],
            [
              -34.9143007,
              -7.9874608
            ],
            [
              -34.9143453,
              -7.9874269
            ],
            [
              -34.9144019,
              -7.9873914
            ],
            [
              -34.9144968,
              -7.9873326
            ],
            [
              -34.9145263,
              -7.9873061
            ],
            [
              -34.9145511,
              -7.9872792
            ],
            [
              -34.9146514,
              -7.9870959
            ],
            [
              -34.9147667,
              -7.987157
            ],
            [
              -34.9148901,
              -7.9872187
            ],
            [
              -34.9150148,
              -7.9872749
            ],
            [
              -34.9151167,
              -7.9873177
            ],
            [
              -34.9152066,
              -7.9873522
            ],
            [
              -34.9151878,
              -7.9872121
            ],
            [
              -34.9151818,
              -7.987056
            ],
            [
              -34.9151818,
              -7.9869113
            ],
            [
              -34.9151972,
              -7.9867884
            ],
            [
              -34.9152569,
              -7.98639
            ],
            [
              -34.915283,
              -7.9860168
            ],
            [
              -34.9153379,
              -7.9855653
            ],
            [
              -34.9153424,
              -7.9854882
            ],
            [
              -34.9153454,
              -7.9854251
            ],
            [
              -34.9153508,
              -7.9852784
            ],
            [
              -34.9153575,
              -7.9851708
            ],
            [
              -34.9153776,
              -7.9850201
            ],
            [
              -34.9153937,
              -7.9849118
            ],
            [
              -34.91539402326504,
              -7.984904500000001
            ],
            [
              -34.903495796846535,
              -7.984904500000001
            ],
            [
              -34.9034994,
              -7.9849636
            ]
          ]
        ]
      }
    },
    {
      "type": "Feature",
      "properties": {
        "nome": "ALTO SOL NASCENTE",
        "valor": 83
      },
      "geometry": {
        "type": "Polygon",
        "coordinates": [
          [
            [
              -34.9151623,
              -7.9847033
            ],
            [
              -34.9149129,
              -7.9846502
            ],
            [
              -34.9146581,
              -7.9845957
            ],
            [
              -34.9145218,
              -7.9845744
            ],
            [
              -34.9143013,
              -7.98454
            ],
            [
              -34.9139338,
              -7.9844578
            ],
            [
              -34.9134967,
              -7.9844098
            ],
            [
              -34.9134591,
              -7.9843912
            ],
            [
              -34.9134417,
              -7.9843733
            ],
            [
              -34.913431,
              -7.9843354
            ],
            [
              -34.9136905,
              -7.9835253
            ],
            [
              -34.9139325,
              -7.9824542
            ],
            [
              -34.9143654,
              -7.9825595
            ],
            [
              -34.9145791,
              -7.9819877
            ],
            [
              -34.9142635,
              -7.9803247
            ],
            [
              -34.9142456,
              -7.9802301
            ],
            [
              -34.914178,
              -7.9799053
            ],
            [
              -34.9140909,
              -7.9794531
            ],
            [
              -34.9140873,
              -7.9794347
            ],
            [
              -34.9140566,
              -7.9792753
            ],
            [
              -34.9136671,
              -7.9793075
            ],
            [
              -34.913616,
              -7.9793117
            ],
            [
              -34.913455,
              -7.979325
            ],
            [
              -34.9133712,
              -7.9793319
            ],
            [
              -34.9132866,
              -7.9793389
            ],
            [
              -34.9132339,
              -7.9793432
            ],
            [
              -34.9132096,
              -7.9793453
            ],
            [
              -34.9131339,
              -7.9793515
            ],
            [
              -34.9129902,
              -7.9793634
            ],
            [
              -34.9129081,
              -7.9793701
            ],
            [
              -34.9127627,
              -7.9793821
            ],
            [
              -34.9127445,
              -7.9793836
            ],
            [
              -34.9126807,
              -7.9793889
            ],
            [
              -34.912465,
              -7.9794067
            ],
            [
              -34.9124039,
              -7.9794118
            ],
            [
              -34.9119733,
              -7.9794473
            ],
            [
              -34.9114197,
              -7.979493
            ],
            [
              -34.9109482,
              -7.979612
            ],
            [
              -34.9106585,
              -7.9797235
            ],
            [
              -34.9105953,
              -7.9797122
            ],
            [
              -34.9104383,
              -7.9798026
            ],
            [
              -34.9103508,
              -7.9798604
            ],
            [
              -34.9102096,
              -7.979956
            ],
            [
              -34.9099702,
              -7.9800822
            ],
            [
              -34.9098683,
              -7.9801552
            ],
            [
              -34.9097885,
              -7.9802263
            ],
            [
              -34.9095632,
              -7.9804607
            ],
            [
              -34.9095024,
              -7.9805277
            ],
            [
              -34.9091884,
              -7.9808737
            ],
            [
              -34.9090462,
              -7.9810218
            ],
            [
              -34.9089725,
              -7.9811028
            ],
            [
              -34.9088591,
              -7.9812111
            ],
            [
              -34.908725,
              -7.9813246
            ],
            [
              -34.9084414,
              -7.9815212
            ],
            [
              -34.9083227,
              -7.9815909
            ],
            [
              -34.907974,
              -7.9817562
            ],
            [
              -34.9077775,
              -7.9818698
            ],
            [
              -34.9076394,
              -7.9819641
            ],
            [
              -34.9074979,
              -7.9820903
            ],
            [
              -34.907396,
              -7.9821899
            ],
            [
              -34.907219,
              -7.9823871
            ],
            [
              -34.9071123,
              -7.9824621
            ],
            [
              -34.9069876,
              -7.9825591
            ],
            [
              -34.9069152,
              -7.9826282
            ],
            [
              -34.906822,
              -7.9827304
            ],
            [
              -34.9067,
              -7.9825926
            ],
            [
              -34.9066249,
              -7.982504
            ],
            [
              -34.906527,
              -7.9823685
            ],
            [
              -34.9062125,
              -7.9824894
            ],
            [
              -34.9060958,
              -7.9825153
            ],
            [
              -34.9059442,
              -7.9825246
            ],
            [
              -34.9057317,
              -7.9825279
            ],
            [
              -34.905501,
              -7.9825113
            ],
            [
              -34.9053736,
              -7.982488
            ],
            [
              -34.9051718,
              -7.9824502
            ],
            [
              -34.9049491,
              -7.9824256
            ],
            [
              -34.9044731,
              -7.9824084
            ],
            [
              -34.9041767,
              -7.9823386
            ],
            [
              -34.9039979,
              -7.982307
            ],
            [
              -34.9038139,
              -7.9822529
            ],
            [
              -34.9034813,
              -7.9822503
            ],
            [
              -34.903505,
              -7.9826169
            ],
            [
              -34.9035256,
              -7.9829369
            ],
            [
              -34.9035343,
              -7.983176
            ],
            [
              -34.9035343,
              -7.983344
            ],
            [
              -34.9035115,
              -7.9835472
            ],
            [
              -34.9034969,
              -7.9836172
            ],
            [
              -34.9034598,
              -7.9837949
            ],
            [
              -34.9034444,
              -7.9839227
            ],
            [
              -34.9034384,
              -7.9839609
            ],
            [
              -34.9034397,
              -7.9841588
            ],
            [
              -34.9034692,
              -7.9845486
            ],
            [
              -34.9034907,
              -7.9848209
            ],
            [
              -34.903495796846535,
              -7.984904500000001
            ],
            [
              -34.91539402326504,
              -7.984904500000001
            ],
            [
              -34.9154004,
              -7.9847605
            ],
            [
              -34.9151623,
              -7.9847033
            ]
          ]
        ]
      }
    },
    {
      "id": "('relation', 10216613)",
      "type": "Feature",
      "properties": {
        "nome": "JD ATLANTICO",
        "valor": 86
      },
      "geometry": {
        "type": "Polygon",
        "coordinates": [
          [
            [
              -34.8584217,
              -7.9717312
            ],
            [
              -34.8512558,
              -7.9676181
            ],
            [
              -34.8512538,
              -7.967577
            ],
            [
              -34.8512308,
              -7.9675652
            ],
            [
              -34.8510999,
              -7.9675705
            ],
            [
              -34.8509118,
              -7.9675718
            ],
            [
              -34.8505441,
              -7.967576
            ],
            [
              -34.8501396,
              -7.9675802
            ],
            [
              -34.8497995,
              -7.9675811
            ],
            [
              -34.849434,
              -7.9675799
            ],
            [
              -34.849304,
              -7.9675802
            ],
            [
              -34.8490623,
              -7.9675842
            ],
            [
              -34.8484852,
              -7.9675968
            ],
            [
              -34.8483492,
              -7.9675979
            ],
            [
              -34.8477737,
              -7.9675931
            ],
            [
              -34.8475412,
              -7.967593
            ],
            [
              -34.8473373,
              -7.967607
            ],
            [
              -34.8468009,
              -7.9676461
            ],
            [
              -34.846595,
              -7.9676694
            ],
            [
              -34.8464361,
              -7.9676853
            ],
            [
              -34.8462705,
              -7.9677019
            ],
            [
              -34.8457427,
              -7.9677511
            ],
            [
              -34.8454571,
              -7.9677829
            ],
            [
              -34.8452747,
              -7.9677916
            ],
            [
              -34.8451909,
              -7.967775
            ],
            [
              -34.8451379,
              -7.9677438
            ],
            [
              -34.8450789,
              -7.9676866
            ],
            [
              -34.844985,
              -7.9675731
            ],
            [
              -34.8446149,
              -7.9670744
            ],
            [
              -34.8441602,
              -7.9664654
            ],
            [
              -34.8440757,
              -7.9663499
            ],
            [
              -34.8437874,
              -7.9659959
            ],
            [
              -34.8436895,
              -7.9658697
            ],
            [
              -34.8435722,
              -7.965703
            ],
            [
              -34.8435058,
              -7.9656041
            ],
            [
              -34.8434246,
              -7.965465
            ],
            [
              -34.8433948,
              -7.9654079
            ],
            [
              -34.8433676,
              -7.9653544
            ],
            [
              -34.8432001,
              -7.9649556
            ],
            [
              -34.8430129,
              -7.964523
            ],
            [
              -34.8428379,
              -7.9641225
            ],
            [
              -34.8426545,
              -7.9636975
            ],
            [
              -34.842478,
              -7.9632932
            ],
            [
              -34.8422847,
              -7.9628435
            ],
            [
              -34.8422245,
              -7.9628919
            ],
            [
              -34.8421188,
              -7.9629768
            ],
            [
              -34.8418716,
              -7.9631755
            ],
            [
              -34.8417167,
              -7.9633044
            ],
            [
              -34.8414995,
              -7.9634886
            ],
            [
              -34.8413612,
              -7.9636108
            ],
            [
              -34.841351,
              -7.9636192
            ],
            [
              -34.8411354,
              -7.9638191
            ],
            [
              -34.8409731,
              -7.963993
            ],
            [
              -34.840914,
              -7.9640901
            ],
            [
              -34.8408939,
              -7.9641232
            ],
            [
              -34.8407726,
              -7.9643323
            ],
            [
              -34.8406361,
              -7.9645864
            ],
            [
              -34.8405133,
              -7.9647774
            ],
            [
              -34.8403743,
              -7.9649931
            ],
            [
              -34.8401852,
              -7.9653432
            ],
            [
              -34.8400612,
              -7.965525
            ],
            [
              -34.8399404,
              -7.9657316
            ],
            [
              -34.8398439,
              -7.965895
            ],
            [
              -34.839801,
              -7.965962
            ],
            [
              -34.8397567,
              -7.9660098
            ],
            [
              -34.8396447,
              -7.9661274
            ],
            [
              -34.8392944,
              -7.9664518
            ],
            [
              -34.8391043,
              -7.9666049
            ],
            [
              -34.8388997,
              -7.9667735
            ],
            [
              -34.83883,
              -7.966828
            ],
            [
              -34.8387013,
              -7.9668904
            ],
            [
              -34.8385866,
              -7.9669349
            ],
            [
              -34.83849,
              -7.9669681
            ],
            [
              -34.8383707,
              -7.967002
            ],
            [
              -34.8381554,
              -7.9670651
            ],
            [
              -34.8380287,
              -7.9670976
            ],
            [
              -34.8378212,
              -7.9671611
            ],
            [
              -34.8374259,
              -7.9672929
            ],
            [
              -34.8371744,
              -7.9673838
            ],
            [
              -34.836764,
              -7.967512
            ],
            [
              -34.83652,
              -7.967593
            ],
            [
              -34.836363,
              -7.9676441
            ],
            [
              -34.8361102,
              -7.9677305
            ],
            [
              -34.8357217,
              -7.9678547
            ],
            [
              -34.8354551,
              -7.9679343
            ],
            [
              -34.8351748,
              -7.9680247
            ],
            [
              -34.8348451,
              -7.9681238
            ],
            [
              -34.8343409,
              -7.9682904
            ],
            [
              -34.8341995,
              -7.9683371
            ],
            [
              -34.8338096,
              -7.9684829
            ],
            [
              -34.833645,
              -7.968546
            ],
            [
              -34.8335862,
              -7.9685666
            ],
            [
              -34.8348136,
              -7.9719876
            ],
            [
              -34.8349644,
              -7.9722444
            ],
            [
              -34.8353141,
              -7.9728654
            ],
            [
              -34.8354166,
              -7.9734685
            ],
            [
              -34.8356216,
              -7.9746628
            ],
            [
              -34.8357543,
              -7.9755167
            ],
            [
              -34.836042,
              -7.9763513
            ],
            [
              -34.836231,
              -7.9766877
            ],
            [
              -34.8367703,
              -7.977936
            ],
            [
              -34.8368804,
              -7.9781516
            ],
            [
              -34.8372185,
              -7.9789403
            ],
            [
              -34.8374262,
              -7.9797868
            ],
            [
              -34.8375927,
              -7.9803209
            ],
            [
              -34.837929,
              -7.9807898
            ],
            [
              -34.8386984,
              -7.9812386
            ],
            [
              -34.8410418,
              -7.9821909
            ],
            [
              -34.8422798,
              -7.9829353
            ],
            [
              -34.8425207,
              -7.9830348
            ],
            [
              -34.8438162,
              -7.9835702
            ],
            [
              -34.8443422,
              -7.9835249
            ],
            [
              -34.8447379,
              -7.9832734
            ],
            [
              -34.8448153,
              -7.9832511
            ],
            [
              -34.8452506,
              -7.9830902
            ],
            [
              -34.8462505,
              -7.9827293
            ],
            [
              -34.8474693,
              -7.9822623
            ],
            [
              -34.8481342,
              -7.9822171
            ],
            [
              -34.848458,
              -7.9821483
            ],
            [
              -34.8487745,
              -7.9820401
            ],
            [
              -34.849168,
              -7.9819379
            ],
            [
              -34.8493871,
              -7.9820195
            ],
            [
              -34.8495606,
              -7.982084
            ],
            [
              -34.8509278,
              -7.9822157
            ],
            [
              -34.8521031,
              -7.9823279
            ],
            [
              -34.8521487,
              -7.9820615
            ],
            [
              -34.8522665,
              -7.9811872
            ],
            [
              -34.8522867,
              -7.9811573
            ],
            [
              -34.8523269,
              -7.9811168
            ],
            [
              -34.8523933,
              -7.9810802
            ],
            [
              -34.8524228,
              -7.981053
            ],
            [
              -34.8524185,
              -7.9809105
            ],
            [
              -34.8523888,
              -7.9801056
            ],
            [
              -34.8524323,
              -7.9797558
            ],
            [
              -34.853159,
              -7.9801957
            ],
            [
              -34.8531887,
              -7.9798911
            ],
            [
              -34.8531611,
              -7.9796552
            ],
            [
              -34.853159,
              -7.9795941
            ],
            [
              -34.8531631,
              -7.9795137
            ],
            [
              -34.8531785,
              -7.9793683
            ],
            [
              -34.8532986,
              -7.9781131
            ],
            [
              -34.8536325,
              -7.977234
            ],
            [
              -34.8541504,
              -7.9761927
            ],
            [
              -34.8545846,
              -7.9755778
            ],
            [
              -34.8550554,
              -7.974892
            ],
            [
              -34.8553689,
              -7.9744893
            ],
            [
              -34.8554825,
              -7.9743129
            ],
            [
              -34.8555417,
              -7.9742211
            ],
            [
              -34.8557635,
              -7.9739074
            ],
            [
              -34.8560328,
              -7.973381
            ],
            [
              -34.8561413,
              -7.9731689
            ],
            [
              -34.856226,
              -7.9730432
            ],
            [
              -34.8563906,
              -7.972779
            ],
            [
              -34.8566214,
              -7.9725888
            ],
            [
              -34.8566578,
              -7.9725654
            ],
            [
              -34.8569463,
              -7.9724222
            ],
            [
              -34.8573756,
              -7.9722559
            ],
            [
              -34.8576558,
              -7.9721464
            ],
            [
              -34.8580693,
              -7.9719593
            ],
            [
              -34.8581996,
              -7.9718425
            ],
            [
              -34.8583155,
              -7.9717698
            ],
            [
              -34.8584217,
              -7.9717312
            ]
          ]
        ]
      }
    },
    {
      "type": "Feature",
      "properties": {
        "nome": "JD BRASIL",
        "valor": 67
      },
      "geometry": {
        "type": "Polygon",
        "coordinates": [
          [
            [
              -34.8636908,
              -8.0051119
            ],
            [
              -34.8635061,
              -8.0054466
            ],
            [
              -34.8633289,
              -8.0057117
            ],
            [
              -34.8629934,
              -8.0062434
            ],
            [
              -34.862446,
              -8.0070905
            ],
            [
              -34.8619311,
              -8.0078495
            ],
            [
              -34.8618231,
              -8.0081995
            ],
            [
              -34.8618006,
              -8.0084032
            ],
            [
              -34.8617545,
              -8.0085208
            ],
            [
              -34.8613626,
              -8.0085638
            ],
            [
              -34.8612641,
              -8.0086262
            ],
            [
              -34.8610005,
              -8.0090985
            ],
            [
              -34.8609026,
              -8.0092632
            ],
            [
              -34.8604506,
              -8.0100188
            ],
            [
              -34.8599753,
              -8.0107149
            ],
            [
              -34.8598648,
              -8.0109148
            ],
            [
              -34.8599379,
              -8.0109597
            ],
            [
              -34.8600008,
              -8.0110099
            ],
            [
              -34.860054,
              -8.0109574
            ],
            [
              -34.8600832,
              -8.0109398
            ],
            [
              -34.8601254,
              -8.0109152
            ],
            [
              -34.8602421,
              -8.0108615
            ],
            [
              -34.8603762,
              -8.010809
            ],
            [
              -34.8604124,
              -8.0107987
            ],
            [
              -34.8604489,
              -8.0107972
            ],
            [
              -34.8605584,
              -8.010841
            ],
            [
              -34.8605889,
              -8.0108472
            ],
            [
              -34.8606136,
              -8.0108455
            ],
            [
              -34.8606686,
              -8.0108229
            ],
            [
              -34.8607912,
              -8.0107666
            ],
            [
              -34.8614337,
              -8.0103874
            ],
            [
              -34.8615217,
              -8.0103381
            ],
            [
              -34.8615386,
              -8.0103293
            ],
            [
              -34.861555,
              -8.0103223
            ],
            [
              -34.8617111,
              -8.0102587
            ],
            [
              -34.8617253,
              -8.0102541
            ],
            [
              -34.8617381,
              -8.0102486
            ],
            [
              -34.8619111,
              -8.0101543
            ],
            [
              -34.8634674,
              -8.0091994
            ],
            [
              -34.8637015,
              -8.0095846
            ],
            [
              -34.8639536,
              -8.0099445
            ],
            [
              -34.8642074,
              -8.0103312
            ],
            [
              -34.8642708,
              -8.0104365
            ],
            [
              -34.8644337,
              -8.0107154
            ],
            [
              -34.864592,
              -8.0109571
            ],
            [
              -34.8646873,
              -8.011101
            ],
            [
              -34.864895,
              -8.0114132
            ],
            [
              -34.8649547,
              -8.0115268
            ],
            [
              -34.8652113,
              -8.0119455
            ],
            [
              -34.8657206,
              -8.0116005
            ],
            [
              -34.8665189,
              -8.0110892
            ],
            [
              -34.8670801,
              -8.0107299
            ],
            [
              -34.8675604,
              -8.0104222
            ],
            [
              -34.8678058,
              -8.0102651
            ],
            [
              -34.8680464,
              -8.010111
            ],
            [
              -34.8681563,
              -8.0100306
            ],
            [
              -34.8698638,
              -8.008967
            ],
            [
              -34.8704445,
              -8.0085726
            ],
            [
              -34.8715498,
              -8.0078677
            ],
            [
              -34.8715198,
              -8.0076715
            ],
            [
              -34.8714783,
              -8.0073995
            ],
            [
              -34.8714506,
              -8.0072178
            ],
            [
              -34.8713559,
              -8.0065814
            ],
            [
              -34.8713319,
              -8.0064197
            ],
            [
              -34.8713136,
              -8.0062937
            ],
            [
              -34.8712903,
              -8.0061447
            ],
            [
              -34.871266,
              -8.0059869
            ],
            [
              -34.8712371,
              -8.0057997
            ],
            [
              -34.8711964,
              -8.005554
            ],
            [
              -34.8711835,
              -8.0054252
            ],
            [
              -34.87128,
              -8.0053734
            ],
            [
              -34.8713613,
              -8.0053354
            ],
            [
              -34.8716483,
              -8.0052971
            ],
            [
              -34.8717929,
              -8.0052837
            ],
            [
              -34.8722063,
              -8.005264
            ],
            [
              -34.872294,
              -8.0052598
            ],
            [
              -34.8725528,
              -8.0052552
            ],
            [
              -34.8729283,
              -8.0052486
            ],
            [
              -34.8730946,
              -8.0052432
            ],
            [
              -34.87323,
              -8.0052432
            ],
            [
              -34.8738656,
              -8.005196
            ],
            [
              -34.8743637,
              -8.0052098
            ],
            [
              -34.8743764,
              -8.0052253
            ],
            [
              -34.874649051639345,
              -8.0050478
            ],
            [
              -34.863738140272616,
              -8.0050478
            ],
            [
              -34.8636908,
              -8.0051119
            ]
          ]
        ]
      }
    },
    {
      "type": "Feature",
      "properties": {
        "nome": "JD BRASIL 2",
        "valor": 62
      },
      "geometry": {
        "type": "Polygon",
        "coordinates": [
          [
            [
              -34.8773029,
              -8.0016389
            ],
            [
              -34.8771874,
              -8.0014611
            ],
            [
              -34.8770468,
              -8.0012445
            ],
            [
              -34.8768309,
              -8.0008966
            ],
            [
              -34.8767853,
              -8.0007916
            ],
            [
              -34.876775,
              -8.0007605
            ],
            [
              -34.8767598,
              -8.0007146
            ],
            [
              -34.8767477,
              -8.0006203
            ],
            [
              -34.8767504,
              -8.0005353
            ],
            [
              -34.8767571,
              -8.0004171
            ],
            [
              -34.8764815,
              -8.0003135
            ],
            [
              -34.8763052,
              -8.0002392
            ],
            [
              -34.8760355,
              -8.000112
            ],
            [
              -34.8754153,
              -7.9997983
            ],
            [
              -34.8752698,
              -7.9997219
            ],
            [
              -34.8749064,
              -7.9995329
            ],
            [
              -34.8747463,
              -7.9994445
            ],
            [
              -34.8745986,
              -7.9993713
            ],
            [
              -34.874488,
              -7.9992943
            ],
            [
              -34.8742962,
              -7.9991674
            ],
            [
              -34.8741239,
              -7.9990512
            ],
            [
              -34.8739739,
              -7.9989428
            ],
            [
              -34.8738297,
              -7.9988257
            ],
            [
              -34.8737812,
              -7.9987863
            ],
            [
              -34.873743,
              -7.9987528
            ],
            [
              -34.873688,
              -7.9987046
            ],
            [
              -34.8735117,
              -7.9985391
            ],
            [
              -34.8733674,
              -7.9984011
            ],
            [
              -34.8731026,
              -7.9981501
            ],
            [
              -34.872876,
              -7.9984569
            ],
            [
              -34.8725997,
              -7.998863
            ],
            [
              -34.8724763,
              -7.9990702
            ],
            [
              -34.8724388,
              -7.9991309
            ],
            [
              -34.8723851,
              -7.9992245
            ],
            [
              -34.8723489,
              -7.9992823
            ],
            [
              -34.8722758,
              -7.9994005
            ],
            [
              -34.871907,
              -7.9999915
            ],
            [
              -34.8715825,
              -8.0004935
            ],
            [
              -34.8715328,
              -8.0005811
            ],
            [
              -34.871331,
              -8.000439
            ],
            [
              -34.8712888,
              -8.0004231
            ],
            [
              -34.8712224,
              -8.0004072
            ],
            [
              -34.8711198,
              -8.0003992
            ],
            [
              -34.870924,
              -8.0004032
            ],
            [
              -34.87082,
              -8.0003992
            ],
            [
              -34.8706638,
              -8.0003713
            ],
            [
              -34.8705243,
              -8.0003069
            ],
            [
              -34.8703889,
              -8.0002359
            ],
            [
              -34.8703124,
              -8.0001827
            ],
            [
              -34.8701971,
              -8.0000964
            ],
            [
              -34.870118,
              -8.0000254
            ],
            [
              -34.8700523,
              -7.9999636
            ],
            [
              -34.8700208,
              -7.9999225
            ],
            [
              -34.8699309,
              -7.9997996
            ],
            [
              -34.8698645,
              -7.999706
            ],
            [
              -34.8698089,
              -7.9996316
            ],
            [
              -34.8697398,
              -7.9995632
            ],
            [
              -34.8696958,
              -7.999517
            ],
            [
              -34.8696224,
              -7.9994503
            ],
            [
              -34.8695447,
              -7.9993852
            ],
            [
              -34.8694457,
              -7.9992864
            ],
            [
              -34.8693945,
              -7.9993381
            ],
            [
              -34.869312,
              -7.999433
            ],
            [
              -34.869253,
              -7.9994802
            ],
            [
              -34.8691638,
              -7.9995453
            ],
            [
              -34.8690505,
              -7.999621
            ],
            [
              -34.8688292,
              -7.9997717
            ],
            [
              -34.8688386,
              -7.9998029
            ],
            [
              -34.8688305,
              -7.9998222
            ],
            [
              -34.8688158,
              -7.9998381
            ],
            [
              -34.868793,
              -7.9998514
            ],
            [
              -34.8677619,
              -8.0004765
            ],
            [
              -34.8673182,
              -8.0007553
            ],
            [
              -34.866375,
              -8.0013507
            ],
            [
              -34.8661827,
              -8.0014711
            ],
            [
              -34.8660141,
              -8.0015974
            ],
            [
              -34.8659907,
              -8.0016874
            ],
            [
              -34.8659485,
              -8.0018302
            ],
            [
              -34.8659334,
              -8.0020616
            ],
            [
              -34.8659294,
              -8.0021081
            ],
            [
              -34.8658937,
              -8.0023357
            ],
            [
              -34.8658395,
              -8.0024063
            ],
            [
              -34.8657668,
              -8.0023983
            ],
            [
              -34.8656851,
              -8.0024206
            ],
            [
              -34.8655159,
              -8.0025084
            ],
            [
              -34.8654003,
              -8.0025682
            ],
            [
              -34.8652596,
              -8.0026958
            ],
            [
              -34.8650909,
              -8.0029561
            ],
            [
              -34.8649675,
              -8.003158
            ],
            [
              -34.8648406,
              -8.0035843
            ],
            [
              -34.864769,
              -8.0037635
            ],
            [
              -34.8646885,
              -8.0039017
            ],
            [
              -34.8646295,
              -8.0040823
            ],
            [
              -34.8645115,
              -8.0042151
            ],
            [
              -34.8645276,
              -8.0042682
            ],
            [
              -34.8644948,
              -8.0044938
            ],
            [
              -34.8643398,
              -8.0046666
            ],
            [
              -34.8642273,
              -8.0048314
            ],
            [
              -34.8640243,
              -8.0048403
            ],
            [
              -34.8639692,
              -8.004851
            ],
            [
              -34.86381,
              -8.0049505
            ],
            [
              -34.863738140272616,
              -8.0050478
            ],
            [
              -34.874649051639345,
              -8.0050478
            ],
            [
              -34.8747512,
              -8.0049813
            ],
            [
              -34.875123,
              -8.0047432
            ],
            [
              -34.8752204,
              -8.0046793
            ],
            [
              -34.8755099,
              -8.0044954
            ],
            [
              -34.8758921,
              -8.0042507
            ],
            [
              -34.876286,
              -8.004004
            ],
            [
              -34.8763267,
              -8.003978
            ],
            [
              -34.8764034,
              -8.0039292
            ],
            [
              -34.8765927,
              -8.0038107
            ],
            [
              -34.8774469,
              -8.0032411
            ],
            [
              -34.8776717,
              -8.0030912
            ],
            [
              -34.8779271,
              -8.0029265
            ],
            [
              -34.8780997,
              -8.0028131
            ],
            [
              -34.8773029,
              -8.0016389
            ]
          ]
        ]
      }
    }
  ]
}